dm_id,t,minute,mode,color,ts,uid_hash,text,sentiment,sent_score
40685126698926083,0.601,0,4,15138834,1604742895,9e5adeaa,我是一万个点赞，正在反复横跳,中性,0
44164288244350983,9.416,0,5,16755202,1611378869,14f71d3,J O J O 飙 马 野 郎 提 前 观 看 地 址,中性,0
38234037242822661,35.391,0,4,16777215,1600067813,6df0bb8b,I just wanna tell you how I'm feeling,中性,0
38234043251687427,40.682,0,4,16777215,1600067825,6df0bb8b,Gotta make you understand,中性,0
38234061378420739,47.753,0,4,16777215,1600067859,6df0bb8b,Never gonna run around and desert you,中性,0
44891481389400069,0.978,0,5,16707842,1612765880,94db4968,非 物 质 文 化 遗 产,中性,0
45399252391690247,0.0,0,5,16777215,1613734376,8c4702e5,《哥 斯 拉 大 战 金 刚 秘 密 片 段》,中性,0
45791679396446211,76.5,1,4,38979,1614482872,9d95507a,鬼 灭 之 刃 锻 刀 人 之 村 篇 章 动 画 决 定,中性,0
44200219657633799,127.617,2,5,41194,1611447403,7bfcd107,上     网,中性,0
38234325695594499,106.836,1,4,16777215,1600068363,6df0bb8b,Never gonna run around and desert you,中性,0
49976677508317191,115.633,1,4,52480,1622465122,d0c51ad5,永不撒谎，不伤害你✿✿ヽ(°▽°)ノ✿,中性,0
41510243261218819,144.713,2,5,16777215,1606316680,c9a6a1f6,小亮给他整个活,中性,0
46768225536442373,24.299,0,5,6830715,1616345486,5927e747,Re：从 零 开 始 的 异 世 界 生 活 水 门 篇,负向,-1
38234162138710019,96.206,1,4,16777215,1600068051,6df0bb8b,Never gonna say goodbye,中性,0
44639123482345479,1.045,0,5,16646914,1612284546,b2d2658f,《又  被  骗  了》,中性,0
44815146301259779,57.625,0,5,16707842,1612620283,74522392,《永不撒谎，不伤害你》,中性,0
47716953290178567,0.0,0,5,16707842,1618155040,ff4e07da,电  诈  窝  点,中性,0
45436152342118407,19.102,0,5,16776960,1613804758,298abe45,三 角 符 文 完 整 版 下 载 地 址,中性,0
2139939734079500288,1.775,0,5,15138834,1782191895,2fd02d4f,被 骗 一 亿 次,中性,0
45444802057601031,70.692,1,5,16707842,1613821256,7917740c,《我的世界2》,中性,0
44180513612627975,4.06,0,4,38979,1611409817,5ae22a8,荒 野 大 镖 客 绿 色 硬 盘 版 获 取 方 式,中性,0
38234050965012483,43.361,0,4,16777215,1600067839,6df0bb8b,Never gonna give you up,中性,0
38234065607852037,51.673,0,4,16777215,1600067867,6df0bb8b,Never gonna make you cry,中性,0
44407958663593991,5.644,0,5,13369971,1611843634,14f71d3,J O J O 的 奇 妙 冒 险 第 九 部 预 告,中性,0
44265832762048517,20.862,0,4,11890,1611572550,250155f3,堡垒之夜的动作好像有个音乐就是这个,中性,0
46087530380525575,16.58,0,4,9599289,1615047163,fd25f627,J O J O石 之 海 动 画 官 方 预 告,中性,0
47549635392700421,121.509,2,5,16707842,1617835907,a23567d9,这字幕是碳基生物想出来的？,中性,0
53926075681548288,135.839,2,5,16646914,1629947026,680932c0,脑叶公司：D结局：Carmen复活，故事回到正轨,中性,0
45674721257193479,10.294,0,5,16777215,1614259792,1dd1a284,怪 诞 小 镇 第 三 季,中性,0
978337836961857536,177.519,2,5,41194,1643718158,bf5e39a8,《签 到 领 大 会 员》,中性,0
44625245475176453,32.254,0,4,9599289,1612258075,d238c60,你不会得到这个来自其他伙计,中性,0
53343481046470656,187.153,3,5,41194,1628835815,aabaaa81,三   体   原   版   游    戏,中性,0
46395113326772231,20.561,0,5,16707842,1615633830,de16620d,Re：从零开始的异世界生活 第三季 水门篇预告,中性,0
1946655173070478848,2.586,0,1,16777215,1759150580,d8993e10,pcl2来的举个手,中性,0
46266248479637509,8.301,0,5,38979,1615388040,922918c2,新eva终 片段：明日香与碇真嗣的婚后生活,中性,0
1892920586738033408,3.406,0,1,16777215,1752744918,2012f2c6,PCL来的点赞,中性,0
45748042127638531,63.737,1,5,16707842,1614399640,c5665510,理查德•汪苏泷,中性,0
1812441498663407360,5.162,0,1,16777215,1743151063,88f1fbf5,pcl2过来的给我点个赞,中性,0
44091201473216517,102.295,1,5,16646914,1611239467,fc2ced7b,清   洁   工   结   束   工   作,中性,0
48968951226433543,44.201,0,5,41194,1620543037,cd230eaa,腾 讯 倒 闭纪 录 片,中性,0
47491251205308421,21.393,0,5,15138834,1617724548,743d9ea6,空 洞 骑 士 丝 之 歌,中性,0
54465140709553152,141.954,2,5,16646914,1630975211,7891a50b,U n d e r t a l e 困 难 模 式  完整版,中性,0
47708527324561411,0.0,0,5,15138834,1618138969,b8bc74eb,新 型 网 络 诈 骗,中性,0
47656451749445637,12.776,0,5,16777215,1618039643,c2d3613f,空 洞 骑 士 丝 之 歌,中性,0
44635381374648323,0.0,0,5,15772458,1612277408,94db4968,无 敌 破 坏 王,中性,0
44259162795278343,10.785,0,4,16707842,1611559828,3190ca0c,爷      自      愿      的,中性,0
44769734141935621,43.54,0,5,16707842,1612533666,3ceb28de,永 远 不 会 给 你 上,中性,0
45890879280381955,39.804,0,5,16777215,1614672080,d0acc73,明 日 之 后 第 四 季,中性,0
44860214975397895,0.0,0,4,16707842,1612706244,b5c99e1f,爷        被          骗          了,中性,0
46412685080788997,2.34,0,4,38979,1615667346,293f5468,J O J O 第 六 部 ：石 之 海  更 新,中性,0
42958093059883013,52.085,0,5,15138834,1609078235,5274d83b,黑 人 小 哥 发 现 异 常,中性,0
45032186924498949,0.0,0,4,16707842,1613034255,51a2254b,自   投   罗   网,中性,0
44722872605212679,0.0,0,4,15138834,1612444284,c6fa7e51,免   费   流   量,中性,0
47313052116713479,87.894,1,4,15138834,1617384660,9345e510,罗 小 黑 出 大 结 局 了,中性,0
45515622159745027,57.854,0,5,15772458,1613956334,423785b5,《永远不撒谎》,中性,0
45709203730333701,120.03,2,5,16776960,1614325562,d5509208,三 角 符 文 第 二 章 真 人 版 下 载 链 接,中性,0
45537568297058311,68.437,1,5,16707842,1613998193,ac660a04,《 豪 俊 金 曲 》,中性,0
46312797240295429,107.089,1,5,16777215,1615476825,7f4a608b,猛 回 头,中性,0
46697449789063175,93.002,1,5,16777215,1616210491,2776da65,我的世界：故事模式第三季,中性,0
46805866528636999,6.872,0,5,10546688,1616417280,14f71d3,J O J O 飙 马 野 郎 观 看 地 址,中性,0
1112505604980959744,7.656,0,5,16707842,1659712202,ae395de4,有被链接骗过来的举个手,中性,0
1163153304516175616,3.54,0,1,15138834,1665749879,c34ea9da,《你  被  骗  了》,中性,0
965309047906279424,0.0,0,5,15138834,1642165005,713c92a0,下 载 国 家 反 诈 中 心,中性,0
44979498404282373,62.757,1,5,16707842,1612933759,5a12ae3d,理查德—汪苏泷定律,中性,0
40176581488934915,61.744,1,5,16646914,1603772922,bf02f4b5,在Rick 50岁的时候 他重新演唱了这首歌 这里的歌词也被改为了 since 1987,中性,0
45629800943452167,9.541,0,5,15138834,1614174113,51a81455,嬉 皮 笑 脸,中性,0
45175901751083013,55.737,0,4,15138834,1613308369,656383dd,Never gonna tell a lie and hurt you~,中性,0
44905982593597445,0.0,0,1,16777215,1612793539,7b09f5bb,上                    当                    了,中性,0
1199093324200723968,0.0,0,1,15138834,1670034263,639f7de7,《你 被 骗 了》,中性,0
45044858571718663,32.519,0,5,16707842,1613058424,deee4237,战地:5宣传片,中性,0
53090257680449024,4.861,0,1,16777215,1628352830,899ee250,hhhhhh,中性,0
2047205692817370624,7.026,0,5,16777215,1771137136,ea680b7a,飞  驰  人  生  3   预  告   片,中性,0
1035685273649986048,136.601,2,5,16707842,1650554505,ee4c1115,维诺•理查德•汪苏泷,中性,0
47353332548763655,103.339,1,5,16707842,1617461488,ed407116,s t e a m 所 有 游 戏 限 时 免 费,中性,0
1911060411277682176,0.66,0,5,38979,1754907353,85b5256f,他还没意识到自己已经成了最大的诈骗犯,中性,0
46757980841443333,8.679,0,4,16707842,1616325945,dd70ce9f,蕉  忍  疾  风  传,中性,0
1154130611183591424,0.0,0,1,16777215,1664674290,2d1a3cd0,我是一万个点赞，正在反复横跳,中性,0
45890838490251271,3.068,0,5,16777215,1614672002,d0acc73,赛 博 朋 克 手 游 版,中性,0
1910042923467625728,8.164,0,5,38979,1754786059,83aa79d4,这条弹幕被赞了一万次,中性,0
53246066646799872,2.801,0,1,16777215,1628650012,3332a6dd,好家伙，这个还能评论！,中性,0
53160208660182528,13.269,0,1,16777215,1628486251,32a0e5d4,草,中性,0
53702859516268544,133.691,2,5,6830715,1629521275,7105404a,《新世纪福音战士：终》,中性,0
49023066517798983,6.161,0,5,15138834,1620646253,14a190dc,家 庭 教 师 第 二季,中性,0
44812188024569861,20.863,0,4,15138834,1612614640,7500f3d4,小  米  1  1  P  r  o  真  机  谍  照,中性,0
38234145584316419,86.233,1,4,16777215,1600068020,6df0bb8b,Never gonna give you up,中性,0
44569986328428547,19.574,0,4,16777215,1612152677,edc54f30,We're no strangers to love,中性,0
53168007420814336,5.601,0,1,16777215,1628501126,2054c5a7,牛逼,正向,1
46534241343766533,55.264,0,1,15138834,1615899196,6a94a145,显 卡 原 价 出 售,负向,-1
44580164147871747,203.919,3,5,16707842,1612172090,3f430159,这个音真的稳真的好听,中性,0
45764446752079879,4.144,0,5,16777215,1614430929,4865fdd7,J O J O 的 奇 妙 冒 险 ： 石 之 海,中性,0
49612519846182915,118.673,1,5,15138834,1621770546,549cbf17,《崩坏4预告cg》,中性,0
1889358512678055424,1.142,0,5,16646914,1752320285,893afe9,从PCL 2百宝箱来的,中性,0
44574765585793029,4.185,0,5,104601,1612161793,1021f0e6,榜  一  老  八  解  读  新  秒  具,中性,0
44248476552265733,157.537,2,5,16707842,1611539446,67172de1,小亮儿，给他整个活儿！,中性,0
53851832947265536,202.412,3,5,16646914,1629805419,8955bbcb,原 神 自 选 五 星,中性,0
53247961818901504,2.519,0,1,16777215,1628653627,d2bd4556,为什么你能评论,中性,0
47020089654902791,0.0,0,4,16777215,1616825878,7d41eb92,喜羊羊与灰太狼114514期预告片流出,中性,0
53246613072845312,2.499,0,1,16777215,1628651054,e4031a5f,哈哈哈哈哈哈哈哈哈,中性,0
45743977457516549,23.834,0,1,16777215,1614391887,9e45a44c,逐渐刻入DNA,中性,0
45766014241079301,56.623,0,1,52480,1614433919,84e93b3a,《咒术回战官方mv宣传》,中性,0
46190976102825991,49.211,0,5,15138834,1615244470,6711389e,植 物 大 战 僵 尸 4,中性,0
45475589634654215,48.199,0,1,38979,1613879978,544af148,官方吐槽最为致命,中性,0
47030625009401859,85.539,1,5,41194,1616845973,f8218cfa,JOJO的奇妙冒险 石之海上映了（别问我为什么是蓝色的）,中性,0
2135877830499364352,0.862,0,5,16707842,1781707678,efdb002b,一亿预定,中性,0
53208951681114624,0.881,0,1,15138834,1628579221,625fb8d,草,中性,0
2140130686135828480,9.241,0,5,16707842,1782214658,786824a6,被骗了1亿次,中性,0
47349150004543495,59.874,0,5,41194,1617453511,55ee6a2b,G  T   A   6   手  机  版,中性,0
46560459601477639,55.912,0,5,16777215,1615949203,3b094be3,游 戏 人 生 第 二 季,中性,0
45437977127026693,70.457,1,5,4351678,1613808238,d73d2b6d,新 世 纪 福 音 战 士 剧 场 版,中性,0
38234015765889031,17.955,0,4,16777215,1600067772,6df0bb8b,We're no strangers to love,中性,0
1111594884336395008,0.0,0,5,15138834,1659603636,190b7353,胡 桃 大 战 旅 行 者,正向,1
53222049230606848,6.264,0,1,16777215,1628604202,93e9dc98,.,中性,0
57867052641455616,23.1,0,1,16777215,1637463843,91cd5bef,G T A 6 提 前 下 载 ╳,中性,0
53743391884931072,3.327,0,1,16777215,1629598585,4c6dc4d4,4444,中性,0
49003558724960263,66.12,1,1,15138834,1620609045,fc4852e7,鬼 灭 之 刃 第 二 季,中性,0
47424285217128455,2.726,0,5,15138834,1617596820,60580b6a,艾 雅 法 拉 新 时 装,中性,0
45707744238895109,35.884,0,1,16777215,1614322778,b0a541b6,喜羊羊与灰太狼之羊村守护者4宣传片,中性,0
48601725627531271,78.477,1,5,16707842,1619842609,80ea2df9,黑  暗  欺  骗  第  四  章,中性,0
967277599039275008,137.299,2,5,16777215,1642399675,1148edd,《维诺·理查德·汪苏泷》,中性,0
1550833310841127168,8.819,0,1,16777215,1711964937,b7af3e2f,草，点进来被骗了，我还以为是啥呢，原来是这个,中性,0
46269108237369347,40.493,0,1,16777215,1615393495,7291ca31,新eva终 片段：明日香与碇真嗣的婚后生活,中性,0
44309392012607491,10.581,0,5,15138834,1611655633,40f28878,石 之 海 预 告 片,中性,0
44118477636632581,0.0,0,1,16777215,1611291493,9954b284,世 界 线 收 束,中性,0
46244491738742789,8.401,0,1,16777215,1615346543,56353e16,石  之  海  o  p,中性,0
47347078774390789,40.695,0,5,15138834,1617449560,cc742924,荒 野 乱 斗 新 英 雄,负向,-1
45716743679639559,40.46,0,1,16777215,1614339943,a158aaca,E V A剧 场 版 上 映,中性,0
45626049055686663,48.365,0,5,41194,1614166957,43e782a1,喜羊羊与灰太狼大电影,中性,0
1139682433407574272,5.153,0,1,16777215,1662951933,8e757d3d,点击网址输入学校即可获得暑假作业答案,中性,0
53330752114271232,15.641,0,1,16777215,1628811537,85fedbf8,草,中性,0
47504585973039107,65.784,1,1,16777215,1617749982,66d3e21c,石之海的现在真动画化了哈哈哈哈,中性,0
46988169554427909,197.521,3,5,9033215,1616764995,6f1822ea,I s a a c ：救 世 点 击 免 费 领 取,中性,0
44946550067560451,34.54,0,5,16777215,1612870915,5ca21a75,名侦探柯南完结剧场版观看地址,中性,0
2153095718239012096,3.045,0,5,16707842,1783760210,3b9053f1,恭喜破亿！,中性,0
44998826878566407,2.001,0,1,16777215,1612970625,d439f7b2,泽   塔   剧   场   版,中性,0
55782837301563392,4.8,0,1,16777215,1633488518,84a2a8ff,这是我见过点赞和回复最多的一个弹幕了,中性,0
52742410325721093,44.832,0,1,41194,1627740339,85f19fe7,幻 影 忍 者 前 情 提 要,中性,0
51245732856332295,194.537,3,1,16707842,1624885653,2a405912,蔡徐坤打篮球现场直播（点击观看）,中性,0
54476252898149376,64.4,1,1,16777215,1630996406,3dfb15b9,《我的世界1.20预告片》,中性,0
46738818198929415,24.54,0,1,16777215,1616289395,4ec41db6,《火影忍者破解版》,中性,0
1246214295763738880,33.867,0,5,8700107,1675651520,fcca321c,京 剧 猫 第 四 季 下 半 部 分,中性,0
1131036732968488192,4.64,0,1,16777215,1661921285,b7cfbce0,好家伙，一天被骗一次,中性,0
49027705108168711,36.277,0,5,15772458,1620655101,bec85557,光  遇  任  天  堂  礼  包,中性,0
47651357616242693,24.8,0,1,16777215,1618029926,ec9df025,名侦探柯南剧场版,中性,0
46890127410593797,41.88,0,5,16707842,1616577995,7951191b,阴 阳 师 概 率 up,中性,0
46247004296708103,0.0,0,5,15138834,1615351335,27eb437,MC 故 事 模 式 第 三 季 预 告,中性,0
42398058643718147,9.476,0,1,16777215,1608010054,3ca8215c,陷  阱  音  乐,中性,0
49236673205108743,82.22,1,1,16777215,1621053676,bf5cb1a1,进  击  的  巨  人  第  四  季  重  画,中性,0
46343699962527749,64.404,1,5,16776960,1615535767,79bb914c,轻 音 少 女 第 三 季,中性,0
45676974445166663,17.706,0,5,15138834,1614264089,3bca93a4,石 之 海 官 方 预 告,中性,0
44403384111333381,147.833,2,1,16777215,1611834909,e0c405f0,小亮，给他整个活,中性,0
46082577525637127,78.653,1,5,16707842,1615037716,5bcd17fa,重 生 细 胞 破 解 版,中性,0
53768345160976896,6.82,0,1,16777215,1629646179,d151ce13,哼哼哼啊啊啊啊啊啊啊啊啊,中性,0
46856792076976133,61.924,1,1,16777215,1616514413,a8fa56e2,理查德·汪苏泷,中性,0
44947818123624451,33.58,0,5,41194,1612873334,494bec1b,魔法禁书目录第四季联机做梦房间入口,中性,0
44437287256195077,18.365,0,1,16777215,1611899574,3dd8bbd,3 0 0 原 石,中性,0
53708768412186624,42.409,0,1,16777215,1629532545,fb169cd6,@汪苏泷,中性,0
44877737077768195,35.741,0,5,15138834,1612739665,df482e71,重 生 细 胞 破 解 版,中性,0
44603245420609543,36.478,0,1,16777215,1612216114,ad4dd670,"很好，以后要换成我们的歌曲：xue hua piao piao,bei feng xiao xiao",中性,0
44542901641281541,51.284,0,1,16777215,1612101017,6d57c63,这段好像在罪恶都市里听到过,中性,0
53752291307048960,1.761,0,1,16777215,1629615559,abfda3c8,草,中性,0
46976643395223557,92.09,1,1,16777215,1616743011,e311fb05,红 色 警 戒 6 发 布,中性,0
46038626932359171,37.9,0,1,41194,1614953887,ea6c9e9,羊   村   守   护   者   4   全   集,中性,0
45118728367505413,0.0,0,5,15138834,1613199319,89d1f633,2  0  2  1  东  方  华  灯  宴,中性,0
44971210437033987,2.379,0,5,16777215,1612917951,7c33197c,原 神 稻 妻 地 图,中性,0
53670758568919552,11.781,0,1,16777215,1629460047,73460033,希望有生之年能看到飙马野郎动画化,中性,0
45176391047053319,114.934,1,4,15138834,1613309302,656383dd,Never gonna tell a lie and hurt you~,中性,0
46301180728967171,80.292,1,1,16777215,1615454668,7e9ff64f,红色警戒2实机演示,中性,0
57322626314551296,3.064,0,1,16777215,1636425432,c272a8fd,我是一万个点赞，正在反复横跳,中性,0
45306204497379333,10.536,0,5,16707842,1613556902,bd7fb1ed,a v 1 0 4 9 2 原 版,中性,0
1042033496836611328,44.454,0,1,16777215,1651311272,7a48a437,铠 甲 勇 士 刑 天 大 电 影,中性,0
49101502371856391,2.772,0,5,16755202,1620795858,964311af,心 跳 文 学 部 续 作,中性,0
48168991899779077,28.092,0,5,9033215,1619017235,cd628e42,小 羊 新 皮 肤,中性,0
47015778594586631,37.9,0,1,15138834,1616817655,7bbc56b7,Re：从零开始的异世界生活第三季水门都市篇,中性,0
45315228409266183,17.715,0,5,38979,1613574113,bf95679,石  之  海  P  V,中性,0
1170190818573958656,5.867,0,1,16707842,1666588816,6e68f076,《 埃 及 猫 猫 摇 原 版 无 遮 挡》,中性,0
54938080520472576,171.38,2,5,15138834,1631877272,f2a2f74,恭喜明日之后第三季：半感染者，上线！(好久以前的了),中性,0
53559706493437440,39.23,0,1,16777215,1629248232,41bd9a5f,字幕君,中性,0
46897989233934343,71.46,1,1,15138834,1616592990,816d830e,香肠派对达达皮肤在线领,中性,0
46261448950153219,52.888,0,1,16777215,1615378886,3392fd03,《赛博朋克——永不言弃DLC》,中性,0
46067330850488327,126.82,2,5,15138834,1615008635,c6c757cd,魔 法禁 书 目 录 第 四 季 在 日 本 开 播,中性,0
45952355633987589,104.953,1,1,16777215,1614789337,4d7f43c9,瞧他笑的多开心啊,中性,0
47825741811810311,30.681,0,4,38979,1618362538,49b61a32,右上角三点设置可以换CC字幕，勾选简体版就不会生草了,中性,0
45542099827294213,57.363,0,5,9487136,1614006836,d6943a08,坦 克 世 界 11 级 车 进 正 式 服 了,中性,0
45393820699852803,0.0,0,5,15138834,1613724016,377dd1b0,淘 宝 免 费 版,中性,0
45392589624442883,0.0,0,5,15138834,1613721668,bebc6653,网      络      诈      骗      案,中性,0
45354729436872709,147.132,2,1,16777215,1613649456,3d0eba05,小亮，给他整个活儿,中性,0
53113980416346624,25.411,0,1,16777215,1628398077,c12eedbd,◢■■■■■■■■■■■◤                      ■                      ■                      ■◣,中性,0
58112621583352320,5.63,0,1,16777215,1637932229,b2aba18d,反 复 横 跳,中性,0
58112599678520320,1.705,0,1,16777215,1637932187,b2aba18d,反复横跳,中性,0
53665371590808576,12.499,0,4,8700107,1629449773,1b9d0be8,愿 者 上 钩,中性,0
978046339394371584,2.708,0,1,16777215,1643683409,86a0edf9,草,中性,0
58019874692439040,22.249,0,1,16777215,1637755328,b72a45e8,nb,中性,0
51890862092713991,43.235,0,7,9033215,1626116139,6dd0d2e7,"[""0.05"",""0.1"",""1-1"",""4"",""永不放弃你，从不让你走"",0,0,""0.05"",""0.1"",0,0,1,""宋体"",0]",中性,0
51890826495655943,18.634,0,7,9033215,1626116071,6dd0d2e7,"[""0.05"",""0.1"",""1-1"",""4.07"",""我们从陌生到相爱"",0,0,""0.05"",""0.1"",0,0,1,""宋体"",0]",中性,0
988631659319885824,7.18,0,1,15138834,1644945277,9e5adeaa,额,中性,0
987561670884343808,5.525,0,1,16777215,1644817725,47040402,弹幕还能评论啊,中性,0
51890920736948227,85.463,1,7,9033215,1626116251,6dd0d2e7,"[""0.05"",""0.1"",""1-1"",""4.2"",""永不放弃你，从不让你走"",0,0,""0.05"",""0.1"",0,0,1,""宋体"",0]",中性,0
1011025000972942336,2.02,0,4,16777215,1647614772,94ae6c1e,专  业  骗  赞,正向,1
1001243837085077504,8.681,0,1,16777215,1646448766,1dcec019,哈哈哈,中性,0
53531114650847744,13.2,0,1,16777215,1629193698,fc6d5c90,请收下我的膝盖,中性,0
51891042521186309,170.152,2,7,9033215,1626116484,6dd0d2e7,"[""0.05"",""0.1"",""1-1"",""4.16"",""永不让你哭泣，从不对你说再见"",0,0,""0.05"",""0.1"",0,0,1,""宋体"",0]",中性,0
1103579769578127360,5.739,0,1,16777215,1658648160,d015cca7,哈哈哈哈哈哈哈哈哈哈哈哈哈哈,中性,0
1059524886357256448,7.3,0,1,16777215,1653396408,d3611021,希望你能拥有114514个赞（喜）,中性,0
1055135690817476864,7.8,0,1,16777215,1652873176,944e9ee7,cao,中性,0
1030571181591380992,4.501,0,1,16777215,1649944858,9b2bd66a,一个大摩生活这么多赞,中性,0
1021888509562205696,8.829,0,1,16777215,1648909803,ea52b91a,《好》,正向,1
1012235275545516544,4.71,0,1,16777215,1647759048,3ab9c909,草,中性,0
57211368962244096,77.424,1,1,16777215,1636213226,bbd2c56d,好,正向,1
55443581054959104,37.25,0,1,16777215,1632841438,d39ac27,Gotta make you understand,中性,0
53278547643392512,2.536,0,5,14811775,1628711964,1285f008,↓真出了,中性,0
53164813861456896,3.376,0,1,16777215,1628495035,750006b8,假戏真做了属于是,中性,0
51890939096465411,98.289,1,7,9033215,1626116286,6dd0d2e7,"[""0.05"",""0.1"",""1-1"",""4.08"",""永不对你撒谎，从不伤害你"",0,0,""0.05"",""0.1"",0,0,1,""宋体"",0]",中性,0
51890908520513541,77.739,1,7,9033215,1626116228,6dd0d2e7,"[""0.05"",""0.1"",""1-1"",""4.72"",""如果你问我感觉怎么样"",0,0,""0.05"",""0.1"",0,0,1,""宋体"",0]",中性,0
2189835081509138944,10.669,0,5,15138834,1788139884,2e39a127,“主播主播有人盗你视频”,中性,0
1012236195541076992,84.547,1,1,16777215,1647759157,3ab9c909,草,中性,0
1001244600893080576,68.623,1,1,16777215,1646448857,1dcec019,牛逼,正向,1
53657066826553344,10.878,0,1,16777215,1629433933,e196329b,协 和 复 活,中性,0
53454672994421248,9.081,0,1,16777215,1629047897,ed9c3172,空 客 A 3 6 0 试 飞（,中性,0
53402648234894336,2.061,0,1,16777215,1628948668,3f19ae86,已经动漫化了,中性,0
53265322022470656,1.981,0,1,16777215,1628686739,f6d1b73b,真  出  了,中性,0
51890988269961219,132.302,2,7,9033215,1626116380,6dd0d2e7,"[""0.05"",""0.1"",""1-1"",""4.75"",""永不放弃你，永不放弃"",0,0,""0.05"",""0.1"",0,0,1,""宋体"",0]",中性,0
2195240147753490944,17.678,0,1,16777215,1788784218,ea264402,PCL来的,中性,0
2188633540039264000,5.523,0,1,16777215,1787996649,674da00f,是的，看出来了，你永不放弃我。,中性,0
1241946804698974208,8.359,0,1,16777215,1675142796,b2fc68b7,三楼,中性,0
1241946734184471808,4.82,0,1,16777215,1675142787,b2fc68b7,nb,中性,0
1127473808010427904,7.836,0,1,16777215,1661496551,4e4b3394,这,中性,0
1126930259380599040,2.381,0,5,15138834,1661431755,24d3659c,这是我见过最多点赞的弹幕,中性,0
57976823322150912,10.506,0,1,16777215,1637673214,1cbc27b6,草,中性,0
53588848889017856,55.163,0,1,16777215,1629303817,19fefa69,草,中性,0
53149780811171328,1.446,0,1,16777215,1628466361,c9e9e034,俺也一样！,中性,0
2208976274503391488,46.013,0,1,16777215,1790421692,676ed229,h'h'hhhh,中性,0
2208088361544801536,0.0,0,1,16777215,1790315844,ac04f7c5,你被骗了,中性,0
2205372542230128640,12.008,0,1,16777215,1789992093,34cdcb51,坏消息：被骗了 好消息：真好听,中性,0
2203684554290807552,91.208,1,1,16707842,1789790870,1b554c4a,丝之歌真出了该怎么办,中性,0
2200785609365930240,1.016,0,1,16777215,1789445288,3879b665,？,中性,0
2199430414064825344,11.38,0,1,15138834,1789283737,1776be53,年年考也有人年年错,中性,0
2198869398172226560,64.944,1,5,16777215,1789216858,d848cbf3,pcl2,中性,0
2198792145753370880,56.24,0,1,8700107,1789207649,9b3434a2,你被骗了,中性,0
2195087243293943552,2.055,0,5,41194,1788765990,cdcc219f,恭迎此视频破亿！,中性,0
2195007082611898880,0.0,0,5,16777215,1788756434,d97429f3,恭喜破亿,中性,0
2195005637212673536,0.916,0,1,16777215,1788756262,d97429f3,注意 你已经被骗很多次了,中性,0
2194418527027808000,3.44,0,5,16646914,1788686273,826133eb,恭喜突破1.1亿！,中性,0
2194374174385301504,0.0,0,5,15138834,1788680986,115e5166,你被骗了！！！,中性,0
2193872771816943360,203.828,3,1,16777215,1788621214,cd086a64,自然选择，前进四,中性,0
2193859271945931776,164.464,2,1,16777215,1788619605,cd086a64,deltarune更新第五章,中性,0
2193841075049848832,4.603,0,5,15138835,1788617435,a1aa3f26,破亿了,中性,0
2193820353846602240,27.331,0,1,16777215,1788614965,3aba25d0,PCL2来的,中性,0
2193751770214639872,14.86,0,5,16777215,1788606789,41688eaa,破亿贺电,中性,0
2193571152185290496,203.479,3,5,15138834,1788585258,8c2acc11,《传说之下出完整版困难模式了》,中性,0
2193524134053555456,2.237,0,1,16777215,1788579653,51ec9963,破亿打卡,中性,0
2193219299253351424,66.981,1,5,16707842,1788543314,84b5c491,罗↑志↓祥↑,中性,0
2193048487926062848,15.431,0,1,16777215,1788522952,5f687ecf,被骗力（（悲,中性,0
2192056296407894016,0.579,0,5,16777215,1788404673,98b59482,我知道你为何而来,中性,0
2190944011194992384,12.094,0,1,16777215,1788272079,fd36113a,又又又又被骗了,中性,0
2190888639025061376,1.473,0,5,16777215,1788265478,fa1b711b,每  日  必  需  品,中性,0
2190866378713126912,44.154,0,5,16707842,1788262824,7b991c3,大陆欢迎台湾回归珍贵录像,中性,0
2189922491551240448,100.441,1,5,6830715,1788150304,d911423,承太郎复活了,中性,0
2189909396052631040,14.66,0,5,15138834,1788148743,79ea7f71,有个人说视频被盗了让我过来看,中性,0
2189352911804088320,14.81,0,1,16777215,1788082405,597d1ca6,一亿合影,中性,0
2188923176359676160,2.497,0,5,15138834,1788031176,54bb32f3,你看又一个进来的,中性,0
2188878820562914048,16.905,0,1,16777215,1788025889,f75652a0,破譯了,中性,0
2188795546255573504,0.748,0,5,16707842,1788015962,5ddf3ed8,我    就     知     道,中性,0
2188764043308129024,110.302,1,5,16707842,1788012206,67dc165a,南方搞那镁氪铀锎，南方搞那铯铱钴呗，南方搞那铁奥啊来铵和球,中性,0
2188763571800964352,94.022,1,5,16707842,1788012150,67dc165a,南方搞那镁氪油锎，南方搞那铯铱钴呗，南方搞那铁奥锇来铵合球～～～,中性,0
2188762035846984448,73.057,1,5,16707842,1788011967,67dc165a,为锘则镉锰我铒，锆得镨来铟～～～,中性,0
2188759377648108288,51.563,0,5,16707842,1788011650,67dc165a,南方高那美克油锎～南方高那铯铱钴坝～南方高那铁奥锇来铵得和球～～,中性,0
2188435365952634368,124.76,2,5,41194,1787973025,78ff1098,鲤鱼2025总结,中性,0
2188427206865940224,143.906,2,5,16707842,1787972052,9de712b4,别当欧尼酱了第二季,中性,0
2188422082332239872,20.217,0,1,16777215,1787971441,32f8364a,费玉清复出了,中性,0
2188089064023574528,27.538,0,1,16777215,1787931742,19a1ab8e,《唐人街探案4》,中性,0
2188046111070635264,184.506,3,1,16777215,1787926622,d2e36a74,牛来时代,中性,0
2188037338624610304,163.102,2,1,9487136,1787925576,7587e588,JOJO的奇妙冒险7：飙马野郎,中性,0
2187927676181408512,18.053,0,1,16777215,1787912503,e441225,自愿来的,中性,0
2187890160279416064,1.282,0,5,16755202,1787908031,4e498180,GTA4正版预告片,中性,0
2187773099687403008,159.319,2,1,16777215,1787894076,8286b495,和平地铁逃生动画出第9集了,中性,0
2187484385912501504,200.309,3,1,16777215,1787859659,55eb8c4e,终将成为你出第2级龙,中性,0
1225441206591593984,12.025,0,1,16777215,1673175175,d6a65f8e,大草,中性,0
1112522259815512320,137.257,2,1,16777215,1659714188,864343f9,紧 跟 时 事,中性,0
1028866425781403136,10.721,0,1,16777215,1649741635,6ad31d4,草,中性,0
1001498573139012608,10.62,0,1,16777215,1646479133,2b06e586,哈哈嗨,中性,0
55625571240239616,4.681,0,1,15138834,1633188557,6bf2866b,好臭的深渊！,中性,0
53563804384733184,19.68,0,1,16777215,1629256049,1ea45329,sofa,中性,0
52862468444127235,73.939,1,1,16777215,1627969331,306be197,站出来,中性,0
2209625572467410944,14.144,0,1,16707842,1790499094,674ebc70,Bad Apple进来的,中性,0
2209620416183228416,1.412,0,1,16777215,1790498479,82234e9d,欢迎回来,中性,0
2209589641534195968,54.621,0,1,16777215,1790494811,7ef5af3d,B站能发语音了,中性,0
2209582435761865472,5.703,0,1,16777215,1790493952,8ee46cae,靠，被坑了,中性,0
2209579522037585920,8.701,0,1,16777215,1790493605,b0b20d9,自愿被骗,中性,0
2209562050068964352,6.558,0,1,16777215,1790491522,dee997a1,你被骗了,中性,0
2209546985202376448,27.784,0,1,16777215,1790489726,9060fd85,PCL2百宝箱千万别点,中性,0
2209546783405748736,1.718,0,1,16707842,1790489702,76e0aca8,从PCL2来的举手,中性,0
2209546527461104640,7.802,0,1,16707842,1790489671,76e0aca8,你被骗了,中性,0
2209533871291859968,188.261,3,1,16777215,1790488163,29d85a6e,被骗100多次后我释怀了,中性,0
2209533271078575360,1.734,0,1,16646914,1790488091,97111d75,又双被骗,中性,0
2209521255798185472,23.273,0,1,16777215,1790486659,406f28ed,年年考，年年错,中性,0
2209509412149238272,3.62,0,1,16777215,1790485247,13d8c564,自愿来的,中性,0
2209495667876370688,0.757,0,5,16646914,1790483608,cdc924c6,破亿纪念,中性,0
2209489151899572736,77.996,1,1,16777215,1790482832,989d38e0,Windows 12 26h3,中性,0
2209487454237370112,6.485,0,1,16777215,1790482629,683ab027,问号,中性,0
2209484262632410368,50.079,0,1,16777215,1790482249,bdd38d90,kksk,中性,0
2209484015478818304,75.794,1,1,16777215,1790482219,34bf9a30,26年9月27日那个人我知道你在,中性,0
2209478378728489728,199.145,3,1,16777215,1790481547,d1958a28,苹果手机Java我的世界预告片,中性,0
2209477796894489344,140.009,2,1,16777215,1790481478,d1958a28,复联五预告片,中性,0
2209477670788559872,133.097,2,1,16777215,1790481463,d1958a28,终局之战重映免费,中性,0
2209476718111434496,43.412,0,1,16777215,1790481349,d1958a28,[前方高能],中性,0
2209469346052125952,130.483,2,1,16777215,1790480470,938830ab,劳大复活了,中性,0
2209452516322989056,17.103,0,5,14811775,1790478464,7011f223,绯英即兴巡演pv上架,中性,0
2209448776254090752,3.615,0,1,16777215,1790478018,f276f024,这43位Pro也是被骗了吗？,中性,0
2209431238644397056,10.296,0,1,16777215,1790475928,4a56b929,瑞克艾斯贼,中性,0
2209408167925407488,15.205,0,1,16777215,1790473178,f1ecec41,《视频被盗了》,中性,0
2209392601788969728,53.243,0,1,16777215,1790471322,95619f90,免 费 R O B U X,中性,0
2209373860297213952,24.277,0,5,16777215,1790469088,2f0bb868,竖半砖宣传片,中性,0
2209373173965950720,7.1,0,1,15138834,1790469006,95eb74ea,被骗了！,中性,0
2209341757908137472,9.712,0,4,16777215,1790465261,7ba4803d,aaa,中性,0
2209194618334816768,5.386,0,5,15138834,1790447720,681a89ab,欢迎回来,中性,0
2209135606113134592,20.035,0,1,16777215,1790440686,acd33b2f,破亿合影,中性,0
2209132486599471104,14.454,0,1,16777215,1790440314,f6c0013e,左顾右盼,中性,0
2209132351685718016,2.44,0,1,16777215,1790440298,f6c0013e,草,中性,0
2209095652724865280,2.691,0,1,16777215,1790435923,bc9d7463,一亿庆祝！,中性,0
2209052789370423296,4.319,0,1,16777215,1790430813,63a051e6,千万别点,中性,0
2209037813004314112,27.724,0,1,16777215,1790429028,cac0fa19,？？？,中性,0
2209034770640730368,4.121,0,1,16777215,1790428665,3d216fe0,1亿见证,中性,0
2209033657128702976,0.0,0,1,16777215,1790428532,fd16c386,哇，什么时候一亿了,中性,0
2209025715616466944,55.883,0,1,16777215,1790427586,914a058a,say goodbuy,中性,0
2209019234460271104,4.755,0,1,16777215,1790426813,f122a92d,放个标记，以防下次,中性,0
2209007639801908992,4.901,0,5,16777215,1790425431,23e7e906,你知道吗我是在看搞笑条目成来到69准备点开来到这里的,中性,0
2209005372218448896,0.0,0,1,15138834,1790425161,40aa00a2,评论区全是好多年前的评论了,中性,0
2209004731068820224,0.0,0,1,15138834,1790425084,40aa00a2,你被骗了,中性,0
2209001423390148864,1.931,0,1,16777215,1790424690,78e6a1f1,《三角符文第六章》,中性,0
2208995525662091008,29.503,0,1,16777215,1790423987,81e78a71,我 又 回 来 了,中性,0
2208988079589899776,1.852,0,5,8700107,1790423099,88d4e772,《Xterfusion》,中性,0
2208987995728722944,129.802,2,1,16646914,1790423089,48316125,《三国杀登录领66宝珠了》,中性,0
2208985982882892032,51.097,0,5,15138834,1790422849,e8f0e2fc,三角符文第七章来了！,中性,0
2208982671756514816,5.388,0,1,16777215,1790422454,eb808bf0,恭喜破亿,中性,0
2208966130293575936,146.791,2,1,16777215,1790420483,dda51f04,造梦无双应龙,中性,0
2208959635506579968,10.814,0,1,16777215,1790419708,4992a696,百宝箱这块,中性,0
2208952429046501376,5.441,0,5,16707842,1790418849,6e84b7f5,一亿合影,中性,0
2208950831024435968,34.197,0,1,16777215,1790418659,3e6d1a48,你被骗了,中性,0
2208940137763590656,7.39,0,1,16777215,1790417384,a58e1f7b,一亿？？,中性,0
2208936032027166976,122.947,2,1,16707842,1790416895,725c8f28,幼战出第三季了！,中性,0
2208920985263576576,9.487,0,1,16777215,1790415101,17ffec6b,被PCL骗了的过来排队,中性,0
2208912620352997120,0.548,0,5,16777215,1790414104,f51492f0,你被骗了,中性,0
2208893176599963136,24.013,0,1,15138834,1790411786,e5442631,坏消息，被骗了，好消息还挺好听,中性,0
2208891225132975872,24.675,0,1,16777215,1790411553,979948f4,一,中性,0
2208887685022748160,55.149,0,5,16777215,1790411131,73748c43,@我叫小渔人,中性,0
2208886981923355392,1.323,0,5,16777215,1790411047,73748c43,你   被   骗   了,中性,0
2208865895168864000,0.0,0,1,16777215,1790408534,10a34cf0,一亿合影,中性,0
2208829378593873664,59.609,0,1,41194,1790404180,18309d31,齐柏林飞艇以完整原版阵容进行巡演,中性,0
2208816318109736192,16.871,0,1,16777215,1790402624,2cb2ae2c,Never gonna give you up[doge],中性,0
2208808824457511680,107.964,1,1,16777215,1790401730,143d08e8,神奇数字马戏团第2季预告,中性,0
2208806949553060096,75.245,1,1,16777215,1790401507,3d36f561,钢铁雄心4免费,中性,0
2208800917036957952,0.0,0,5,15138834,1790400788,8509c25e,恭喜破亿,中性,0
2208800840977484544,1.038,0,5,16777215,1790400779,8509c25e,破亿合影,中性,0
2208800378932784384,0.0,0,5,16777215,1790400723,8509c25e,破亿了,中性,0
2208790040728067328,0.861,0,1,16777215,1790399491,7d03549a,你被骗了(我也是),中性,0
2208770366196022016,135.545,2,1,16777215,1790397146,beddc9c,？？？？？？？？？？？？？？？？？？？？？？？？？？？？？？？？？？？？？？？？？？？？？？？？？？,中性,0
2208745804284714240,59.795,0,1,16777215,1790394218,d5ca139e,格林岚“点我领取神秘奖励”,中性,0
2208745011963728128,21.971,0,1,16777215,1790394123,d5ca139e,愿者上钩,中性,0
2208740824890851584,27.84,0,1,16777215,1790393624,e52663c4,被骗了,中性,0
2208735117701896192,33.013,0,1,16777215,1790392944,6e917bc0,PCL2!!!!!!!!!!!!,中性,0
2208714398771272704,4.1,0,1,16777215,1790390474,202a2d02,年年考，年年错,中性,0
2208692784792743680,7.101,0,1,16707842,1790387897,99699a86,《一亿播放量》,中性,0
2208686295004933376,50.032,0,1,14811775,1790387124,3d323354,愿者上钩,中性,0
2208647347838849536,194.352,3,1,16777215,1790382481,b535089c,你被骗了,中性,0
2208611148411740160,87.762,1,1,16707842,1790378165,49fee348,真好听！,中性,0
2208455916699831040,0.192,0,4,38979,1790359660,df6c436b,你这家伙，又被骗了啊,中性,0
2208449468536635904,43.361,0,1,16777215,1790358892,a97f549f,永远不会放弃你，这歌太经典了,中性,0
2208440485251718144,43.361,0,1,16777215,1790357821,a97f549f,永远不会放弃你哦,中性,0
2208439613834826240,43.361,0,1,16777215,1790357717,a97f549f,永远不会放弃你呀,中性,0
2208392587533160704,11.685,0,1,16777215,1790352111,f8036139,意外吗,中性,0
2208385143331935488,98.132,1,1,14811775,1790351223,c4702c67,跳美了,中性,0
2208360200661711872,0.352,0,1,16765698,1790348250,9f70ee74,《无机杀手发布第二季了》,中性,0
2208345545704716032,0.717,0,1,16777215,1790346503,12e8a299,GTA6上线了,中性,0
2208336308991274752,0.736,0,5,16777215,1790345402,cff89aa8,你被骗了,中性,0
2208330424399274240,28.034,0,1,16777215,1790344700,7351bee8,恭喜你被骗了,中性,0
2208330363062014208,25.239,0,1,16777215,1790344693,7351bee8,又被骗了,中性,0
2208324292595958528,14.066,0,1,16777215,1790343970,b6e446ab,《原神6.8预告片》,中性,0
2208313666250830080,46.511,0,1,16777215,1790342703,86662249,【【官方 MV】Never Gonna Give You Up - Rick Astley-哔哩哔哩】 https://b23.tv/2v42IqP,中性,0
2208311935655680000,2.781,0,1,16777215,1790342496,4ab572f9,你被骗了,中性,0
2208288590285791488,30.396,0,1,16777215,1790339713,cb85ec33,pcl2来的,中性,0
2208287314050862336,1.02,0,5,15138834,1790339561,585fc5fa,你被骗了,中性,0
2208273332263307008,15.852,0,1,16777215,1790337895,a3b3b6a0,跳舞的线复更,中性,0
2208269495817046528,0.0,0,1,16777215,1790337437,6812c668,你             被                  骗                     了！,中性,0
2208267120482614272,60.135,1,1,16777215,1790337154,d31626f,破亿了！！！！！！,中性,0
2208257087606296064,59.899,0,1,16777215,1790335958,a9ec0d56,恭喜你你被骗了,中性,0
2208256354610344192,0.0,0,5,14811775,1790335871,36bef8a0,恭喜破一亿播放,中性,0
2208250906133281536,7.641,0,1,16777215,1790335221,e4f4c7d1,被骗了,中性,0
2208246167425634304,0.396,0,5,16777215,1790334656,76e7d7ef,你被骗了,中性,0
2208239250087702784,38.276,0,1,16777215,1790333832,51a404d5,pcl2!!!!!!!!,中性,0
2208228865149652480,48.39,0,1,16777215,1790332594,139195c4,从琼岭来的,中性,0
2208204197634197760,107.402,1,1,16777215,1790329653,1b23c474,烦村更第66集了,中性,0
2208195763208284672,7.041,0,5,41194,1790328648,7d1f582b,B    站    上    银    魂    第    四    季    了,中性,0
2208195090676641536,0.0,0,5,16777215,1790328567,7d1f582b,又来了,中性,0
2208194911814137856,6.197,0,5,16777215,1790328546,213eaa36,自愿受骗,中性,0
2208176889251323648,0.362,0,1,16777215,1790326398,e9032c4b,被pcl骗来的给我点赞,中性,0
2208162856283940608,0.08,0,5,15138835,1790324725,edb20277,破亿纪念,中性,0
2208151191052579072,8.422,0,5,16707842,1790323334,fad1f3e6,愿者上钩,中性,0
2208147691216215296,61.787,1,4,16777215,1790322917,13d59fdd,哈哈哈好吧,中性,0
2208136497096410112,0.799,0,4,16777215,1790321583,272c1e4f,你被骗了,中性,0
2208136325918536192,3.3,0,1,16777215,1790321562,d3b82036,？？？？,中性,0
2208122348635532544,8.965,0,1,16777215,1790319896,6879b09d,你被骗了,中性,0
2208121937426486784,5.213,0,1,16777215,1790319847,a6e9da08,大彻大悟,中性,0
2208114615831801600,6.04,0,1,16777215,1790318974,e8b55b25,？,中性,0
2208111502451117568,8.427,0,1,16777215,1790318603,e98ac75f,我又回来了,中性,0
2208105897652275456,30.304,0,1,16777215,1790317935,7045251e,当地下城2故事模式earth全部开放时众玩家be like:,中性,0
2208094545735584512,8.889,0,1,16777215,1790316582,fdf586f0,59人正在被骗,中性,0
2208082073033111552,1.982,0,5,15138834,1790315095,6beb5c5e,我 是 自 愿 的 ！,中性,0
2208064624652914688,2.895,0,1,16777215,1790313015,34958fbe,我被骗了？？,中性,0
2208062837854162432,24.178,0,5,15138834,1790312802,c0f7b044,你被骗了,中性,0
2208051203651681536,0.44,0,1,16777215,1790311415,ddbcb64f,神秘天道曲,中性,0
2208032762253020160,74.581,1,1,16777215,1790309216,69f4375b,啦啦啦啦啦啦啦啦啦啦啦啦啦啦啦啦啦啦啦啦啦啦啦啦啦啦啦啦啦啦啦啦啦啦啦啦啦啦啦啦啦啦啦啦啦啦啦啦啦啦啦啦啦啦啦啦啦啦啦啦啦啦啦啦啦啦啦啦啦啦,中性,0
2208024196301460224,10.31,0,1,16777215,1790308195,a52a5efb,PCL,中性,0
2208015729101121280,9.729,0,1,16777215,1790307186,8aea68ab,一亿个点击,中性,0
2208000156689979648,57.17,0,1,16777215,1790305329,1ab54dc5,《我的世界1.22发售时间》,中性,0
2207986026357157632,41.583,0,1,16777215,1790303645,b11a6ace,GTA7发布了,中性,0
2207967899355130112,4.863,0,1,38979,1790301484,ace38fe6,. https://b23.tv/rmCOBNQ,中性,0
2207966153979403776,10.476,0,1,16777215,1790301276,7625c44f,《原作者，你的视频被盗了》,中性,0
2207961378420364288,0.0,0,5,16707842,1790300707,c29f62c0,MC末地更新宣传片,中性,0
2207952560927659776,6.166,0,5,15138834,1790299656,ace38fe6,你被骗了,中性,0
2207950145797417216,8.122,0,1,16777215,1790299368,c942216,被PCL骗了,中性,0
2207925271469172736,1.041,0,1,16777215,1790296402,758de481,26个被骗的过来,中性,0
2207919909563632896,1.58,0,1,16777215,1790295763,bfca43f6,这是我第一次见到播放量破亿的视频,中性,0
2207902963568266240,13.76,0,1,16777215,1790293743,d32c64d9,请不要乱点哦,中性,0
2207902894731449344,10.94,0,1,16777215,1790293735,d32c64d9,我是从被骗坏苹果那块过来的,中性,0
2207673437940712704,10.18,0,1,16777215,1790266382,35d00e7a,又被骗了,中性,0
2207671504375182848,0.383,0,1,16777215,1790266151,2207962e,PCL  ？？？,中性,0
2207653371937919232,29.141,0,1,16777215,1790263990,d3f5e9a6,Take care of,中性,0
2207617669971873536,8.277,0,1,16777215,1790259734,4da7b1f9,我被骗了。,中性,0
2207594432780670464,1.218,0,1,16777215,1790256963,c3579c83,不是，哥们，你怎么老给我下套啊？,中性,0
2207576116029100288,7.821,0,1,16777215,1790254780,e494887d,又来了,中性,0
2207549349800642304,6.091,0,1,15138834,1790251589,58e27717,666中招了,中性,0
2207534623163687680,0.0,0,1,16777215,1790249834,1c778e14,你被骗了,中性,0
2207532563458310912,4.391,0,1,16777215,1790249588,7641eca4,艹,中性,0
2207524736106652672,3.078,0,1,16777215,1790248655,cf8885f4,《永远有人》,中性,0
2207520783998406400,14.637,0,1,16777215,1790248184,ce90d992,陌生链接都敢点，你的胆子真是肥嘟嘟的,中性,0
2207510402223597824,49.896,0,1,16777215,1790246946,dcecbda,666,中性,0
2207493854998070016,51.917,0,1,16777215,1790244974,d8a33ca8,《pcl2》,中性,0
2207476070814111744,21.21,0,5,41194,1790242854,34379815,哎，年年的招数都不一样,中性,0
2207467257314671360,0.0,0,5,41194,1790241803,5d0963cb,你      被      骗       了,中性,0
2207446662618673920,0.0,0,4,15138834,1790239348,8847abe6,被 骗 一 亿 次,中性,0
2207442865775612416,8.264,0,1,16777215,1790238895,4d70e5de,？又被骗了,中性,0
2207439841733091072,0.149,0,5,15138834,1790238535,a60b3d44,年年考，年年错,中性,0
2207434837475558656,0.552,0,1,16777215,1790237938,ec8ffbe,hi,中性,0
2207413510723042560,100.173,1,1,16777215,1790235396,94fb76df,100000000,中性,0
2207346226260406528,24.63,0,1,16777215,1790227375,e2c1478,波比的游戏时间出第六章了,中性,0
2207335940182658048,0.106,0,1,16777215,1790226149,3241cbb7,一亿合影,中性,0
2207294778474594304,5.523,0,1,16777215,1790221242,e430ad1a,从PCL2进来的，请举个手。,中性,0
2207041479430985472,13.424,0,1,16777215,1790191046,41fe5242,自愿的,中性,0
2206974420747829504,10.861,0,4,16777215,1790183052,b3a64ac,test,中性,0
2206943242296747008,12.035,0,1,16777215,1790179335,e7545130,破亿纪念,中性,0
2206930971398955264,13.345,0,5,15138834,1790177873,12e7fc64,你被骗了,中性,0
2206930814951433728,4.205,0,5,15138834,1790177854,12e7fc64,你         被         骗         了,中性,0
2206930588660295680,0.605,0,5,15138834,1790177827,12e7fc64,你      被     骗     了,中性,0
2206904975152514816,0.043,0,1,16777215,1790174774,d48ad929,有一亿人被骗了,中性,0
2206874713265814528,1.481,0,1,15138834,1790171166,904bac7d,你被骗了！,中性,0
2206867252832922368,0.0,0,5,15138834,1790170277,34597895,欢迎回来.我的朋友,中性,0
2206866587028346880,123.971,2,1,16777215,1790170197,e0fa08da,2026来的,中性,0
2206846609432671232,103.059,1,1,16777215,1790167816,fa5c02bb,使命召唤手游将会还原使命召唤端游,中性,0
2206844474775313920,16.175,0,1,16777215,1790167561,e7e1f245,被pcl骗了,中性,0
2206810395099435008,101.788,1,1,16777215,1790163499,5110beee,能看到这里的人，说明你不是被骗的,中性,0
2206804992508213504,1.396,0,1,16777215,1790162855,30251897,你被骗了 你被骗了 你被骗了 你被骗了 你被骗了 你被骗了 你被骗了 你被骗了 你被骗了 你被骗了 你被骗了 你被骗了,中性,0
2206793998834662400,59.959,0,1,16777215,1790161544,8ea0cb86,牛,正向,1
2206787938711471360,4.312,0,1,16777215,1790160822,3a519640,《Pcl手机版下载》,中性,0
2206783272984893696,0.861,0,1,15138834,1790160266,6c076cb7,恭喜你被骗了,中性,0
2206751872252280576,199.03,3,1,16777215,1790156522,1f94803c,神烦警探续更第九季了,中性,0
2206744701946605312,72.385,1,1,16777215,1790155668,c1286ed9,2606实名被骗,中性,0
2206682909740795648,0.0,0,1,16777215,1790148301,fd8b703,test,中性,0
2206672621238617856,159.633,2,1,16777215,1790147075,b2a18ac,现在火影忍者送百战博人,中性,0
2206647149742836480,8.786,0,1,16777215,1790144039,872be731,细节没水印,中性,0
2206627378825604608,10.519,0,1,16777215,1790141682,75969608,又被骗了,中性,0
2206569930274026240,120.083,2,1,16777215,1790134833,9bdffb89,愿者上钩,中性,0
2206546813627040512,6.69,0,5,16777215,1790132078,20d04e8f,我自愿的,中性,0
2206474299798424832,11.974,0,1,16777215,1790123433,28ca1cda,完了被骗了,中性,0
2206268667594583040,59.24,0,1,16777215,1790098920,c66b5040,1亿,中性,0
2206212153046923520,0.715,0,1,16777215,1790092183,c962daed,一亿合影,中性,0
2206199752679700736,17.131,0,1,16777215,1790090705,baba5201,年年考，年年错,中性,0
2206174542278538240,87.557,1,1,16777215,1790087699,4a71fc7b,啊哈进卡池了,中性,0
2206158363245526016,2.69,0,4,15138834,1790085771,52c00761,欢迎回来,中性,0
2206143119534907136,0.102,0,1,16777215,1790083953,d9ed31c1,《你又来了》,中性,0
2206139995197198592,40.54,0,1,16777215,1790083581,ff283f1a,愿者上钩,中性,0
2206130415096894208,0.806,0,5,15138834,1790082439,49f4237a,破亿！！！！,中性,0
2206128466775445248,49.071,0,5,16707842,1790082207,db114630,无敌神鹰~,中性,0
2206126958336342272,186.933,3,1,16777215,1790082027,67b38ad,JOJO彪马野狼正在热播！,中性,0
2206120666326229504,18.691,0,5,14811775,1790081277,71acb686,一天被骗了三次。,中性,0
2205949894508709376,1.744,0,1,16777215,1790060919,ad31b833,▄▅▆▇▆▅▄▄▅▆▇▆▅▄▄▅▆▇▆▅▄▄▅▆▇▆▅▄▄▅▆▇▆▅▄▄▅▆▇▆▅▄▄▅▆▇▆▅▄▄▅▆▇▆▅▄▄▅▆▇▆▅▄▄▅▆▇▆▅▄▄▅▆▇▆▅▄▄▅▆▇▆▅▄▄▅▆▇▆▅▄▄▅▆▇▆▅▄▄▅,中性,0
2205948999511497728,6.229,0,1,16777215,1790060813,7c862859,▄▅▆▇▆▅▄▄▅▆▇▆▅▄▄▅▆▇▆▅▄▄▅▆▇▆▅▄▄▅▆▇▆▅▄▄▅▆▇▆▅▄▄▅▆▇▆▅▄▄▅▆▇▆▅▄▄▅▆▇▆▅▄▄▅▆▇▆▅▄▄▅▆▇▆▅▄▄▅▆▇▆▅▄▄▅▆▇▆▅▄▄▅▆▇▆▅▄▄▅,中性,0
2205948444093319168,0.683,0,5,16777215,1790060746,7c862859,▄▅▆▇▇▆▅▄▅▆▇▇▆▅▄▅▆▇▇▆▅▄▅▆▇▇▆▅▄▅▆▇▇▆▅▄▅▆▇▇▆▅▄▅▆▇▇▆▅▄▅▆▇▇▆▅▄▅▆▇▇▆▅▄▅▆▇▇▆▅▄▅▆▇▇▆▅▄▅▆▇▇▆▅▄▅▆▇▇▆▅▄▅▆▇▇▆▅▄▅,中性,0
2205948309691005696,0.683,0,1,16777215,1790060730,7c862859,▄▅▆▇▇▆▅▄▅▆▇▇▆▅▄▅▆▇▇▆▅▄▅▆▇▇▆▅▄▅▆▇▇▆▅▄▅▆▇▇▆▅▄▅▆▇▇▆▅▄▅▆▇▇▆▅▄▅▆▇▇▆▅▄▅▆▇▇▆▅▄▅▆▇▇▆▅▄▅▆▇▇▆▅▄▅▆▇▇▆▅▄▅▆▇▇▆▅▄,中性,0
2205916315347172352,0.895,0,1,16777215,1790056916,9540aa37,来都来了，听一会吧,中性,0
2205905935946899456,0.0,0,5,15138834,1790055679,2923709c,上钩了,中性,0
2205905686293650432,0.0,0,5,16707842,1790055649,2923709c,你被骗了,中性,0
2205865999864728064,57.138,0,1,16777215,1790050918,97bcd0d7,嗨嗨嗨,中性,0
2205791394756125696,6.99,0,1,16777215,1790042025,bfa14eaa,《又被骗了哈哈》,中性,0
2205725632967784448,6.777,0,5,15138835,1790034185,c803364d,播放破亿！,中性,0
2205525986723488000,193.346,3,1,16777215,1790010385,c05a7388,GTA6出了,中性,0
2205458905198071808,1.968,0,1,16777215,1790002389,9fec0401,愿者上钩,中性,0
2205455975677950464,35.479,0,1,16777215,1790002039,7dc00b03,被骗的来,中性,0
2205442081081114624,0.021,0,1,16777215,1790000383,2feae1ff,每日一骗,中性,0
2205432102906857728,0.0,0,1,16777215,1789999194,a60c8191,别酱第二季,中性,0
2205428836685199616,0.781,0,1,16777215,1789998804,f03d7845,破亿留念,中性,0
2205383896269584640,4.02,0,5,16777215,1789993447,dad09643,又被骗进来了,中性,0
2205352023351432960,19.299,0,1,16777215,1789989647,72e296fa,恭喜破亿,中性,0
2205344714968943872,5.55,0,1,15138834,1789988776,3cc35b9c,你被骗了！！,中性,0
2205327988948934144,23.271,0,1,16777215,1789986782,a7b2c821,依旧被骗,中性,0
2205289559284690432,65.135,1,1,16777215,1789982201,fa04caf4,这是我见过的弹幕最多的视频之一,中性,0
2205188271716919552,8.832,0,1,16777215,1789970127,c5fbdcb6,www.bilibili.com/video/BV1QrhV66Ef9/../BV1GJ411x7h7是你的视频吗？,中性,0
2205166288430257664,8.81,0,1,16777215,1789967506,bbdf1ea9,惊人的播放量,中性,0
2204805057789508608,0.301,0,5,15138834,1789924444,4b9b0634,孩子们你猜猜1亿播放量怎么来的[doge],中性,0
2204778096979533568,91.091,1,1,16777215,1789921230,71cda9d8,￴                                   ￴￴                                   ￴,中性,0
2204751858814452480,9.427,0,5,16777215,1789918102,50fd319f,破亿打卡,中性,0
2204741854477073664,2.823,0,1,16777215,1789916910,cd465e53,你  被 骗 了,中性,0
2204737943859032832,63.915,1,1,15138834,1789916443,e246ccf6,汪 苏 泷,中性,0
2204731580697094144,209.006,3,1,16646914,1789915685,521171a9,再来亿遍,中性,0
2204731298789753600,175.389,2,1,16646914,1789915651,521171a9,58人一起,中性,0
2204731124147343872,154.552,2,1,16646914,1789915630,521171a9,未来 我要发财,中性,0
2204730976004362752,136.905,2,1,16646914,1789915613,521171a9,2050年这首歌还会火吗,中性,0
2204730616611400704,94.059,1,1,16646914,1789915570,521171a9,我会在什么时候结婚！！！,中性,0
2204730520293266688,82.607,1,1,16646914,1789915558,521171a9,投票给rick,中性,0
2204730308304814848,57.29,0,1,16646914,1789915533,521171a9,喝杯茶来坐一坐,中性,0
2204730089882272000,31.26,0,1,16777215,1789915507,521171a9,2026打卡,中性,0
2204727836416469760,10.824,0,1,16777215,1789915239,bb2f57ff,《1亿》,中性,0
2204721935895299584,6.45,0,1,16777215,1789914535,5e6d00c,终于知道这1亿播放量哪来的了,中性,0
2204721908816806656,0.0,0,5,15138834,1789914532,17f435c,2026年前来考古,中性,0
2204686858544629248,5.835,0,1,16777215,1789910354,ba32bdd9,来都来了,中性,0
2204670226938103552,29.793,0,1,16777215,1789908371,1e14a665,嗯，我被骗了你很开心是吧,中性,0
2204653457456860160,83.679,1,1,16777215,1789906372,531ad03,翻译杀疯了,中性,0
2204653093559017728,40.296,0,1,16777215,1789906328,531ad03,幻 想 夏 乡 12,中性,0
2204646856637388032,7.998,0,1,16777215,1789905585,8f57b3ee,PCL2来的,中性,0
2204631915880041728,27.12,0,1,16777215,1789903804,ee127568,被骗到缅北了,中性,0
2204617406197302528,2.312,0,1,16777215,1789902074,dc7f8ed8,PCL2来的。。。。,中性,0
2204588859101739520,20.682,0,1,16777215,1789898671,d66ee1b6,RNM!,中性,0
2204587110840451840,0.0,0,5,15138834,1789898463,76d81d2c,我是点进来的（,中性,0
2204529462304650240,6.571,0,1,16777215,1789891590,5ac92d6f,年年考，年年错,中性,0
2204511915097792000,1.289,0,1,15138834,1789889499,353eb68d,又被骗了,中性,0
2204484989830922752,50.741,0,1,16777215,1789886289,c7c379ba,PCL2 我谢谢你,中性,0
2204437437337094656,190.642,3,1,16777215,1789880620,ff439806,《哈匹马免费送18级卡组》,中性,0
2204418523030299904,2.822,0,5,16777215,1789878365,59a6e6bf,老 子 自 愿 的,中性,0
2204093463774254592,1.864,0,5,16707842,1789839615,a39229d1,不是怎么牢贝骗呀？,中性,0
2204057480286190592,0.892,0,1,16777215,1789835326,517502d8,破亿！,中性,0
2204047471562021376,1.892,0,1,16777215,1789834133,1141275c,哔哩哔哩(゜-゜)つロ干杯,中性,0
2204035235921208832,118.74,1,1,16777215,1789832674,d21c26d4,《永不撒谎》,中性,0
2204032252395731200,3.31,0,5,15138834,1789832318,ce12e603,你好，未来的我,中性,0
2203986017911499776,5.696,0,1,16777215,1789826807,f92106ab,往南月牛逼,中性,0
2203981991278926080,0.598,0,5,16777215,1789826327,c45aacb8,播放量破亿合影,中性,0
2203964806191727360,0.896,0,5,16777215,1789824278,471f4626,你  被  骗  了         年年考，年年错,中性,0
2203960415720236544,99.65,1,1,16777215,1789823755,6530d584,81个人正在被骗,中性,0
2203957573139654656,19.582,0,1,16777215,1789823416,ad1484f4,《千万别点》,中性,0
2203954772871160320,0.0,0,5,38979,1789823082,d349de7c,破亿合影,中性,0
2203938425093317376,0.0,0,5,38979,1789821133,a08da09e,你    被    骗    了,中性,0
2203935297761839360,176.645,2,5,16777215,1789820761,525d26f1,三 角 符 文 第 七 章,中性,0
2203923331470918656,28.88,0,1,16777215,1789819334,4bb49aae,破亿合影！,中性,0
2203896123147164160,0.406,0,5,16777215,1789816091,b2f306db,我是自愿被骗的,中性,0
2203887744790123008,6.228,0,1,16777215,1789815092,217376eb,你被骗了,中性,0
2203887637625377536,1.042,0,1,16777215,1789815079,217376eb,你掉进陷阱了！！！！！！！！！！,中性,0
2203887515663562240,6.285,0,1,16777215,1789815064,217376eb,你掉进厕所了！！！！！！,中性,0
2203881157190592768,8.278,0,1,16777215,1789814306,b9ea82e2,2026年报道,中性,0
2203880694374809088,44.408,0,1,16777215,1789814251,12e50cab,哔哩哔哩干杯,中性,0
2203879123489678848,67.603,1,1,16777215,1789814064,b8ade343,威斯布鲁克随队捧得了 Nba总冠军,中性,0
2203876844909663744,10.815,0,1,16777215,1789813792,a17b32e5,多少一亿播放量？,中性,0
2203852520656031488,29.688,0,1,16777215,1789810893,158af9a7,一亿合影,中性,0
2203816708211559680,2.08,0,1,16777215,1789806624,42bcc946,不不不怎么，又被骗了,中性,0
2203808814715686144,11.199,0,1,16777215,1789805683,91d6a81,维罗妮卡重置出来了,中性,0
2203807525924302848,0.696,0,4,16755202,1789805529,2594ed23,《G T A 6 预 告 片》,中性,0
2203802490829305600,4.322,0,1,16777215,1789804929,9ce01846,【洛克王国世界S6赛季爆料】,中性,0
2203787500621961216,26.532,0,1,15138834,1789803142,c892680a,恭喜你被骗了,中性,0
2203768958241228032,61.781,1,1,16777215,1789800931,7ffd9ca0,111,中性,0
2203763444359699712,10.639,0,1,16777215,1789800274,a15d9c05,破亿合影,中性,0
2203760018485636864,3.479,0,1,16777215,1789799866,ce8c8508,哎呦，自愿被骗,中性,0
2203751022139098880,9.857,0,1,16777215,1789798793,d4aa937b,《泰拉瑞亚来世》发布了,中性,0
2203741231702517504,0.0,0,1,16777215,1789797626,ae44bac2,你被骗了,中性,0
2203737235814564096,0.596,0,5,16646914,1789797150,b43733fe,你们从何而来？,中性,0
2203734656057924352,0.689,0,5,15138834,1789796842,d1243252,破亿纪念,中性,0
2203733682047711488,88.791,1,1,16777215,1789796726,fe7ef18c,老牧师来了,中性,0
2203716862720756992,36.44,0,4,16777215,1789794721,4687ec1c,?,中性,0
2203713169175098112,9.562,0,1,16777215,1789794281,71f00baf,又被骗了,中性,0
2203711181544341760,21.466,0,1,16777215,1789794044,a7b8a14d,名侦探柯南30周年,中性,0
2203710179374749440,17.365,0,1,16777215,1789793924,6b1af1df,pcl来的,中性,0
2203709814235565824,27.723,0,1,16777215,1789793881,6b1af1df,pcl,中性,0
2203704491495982848,11.221,0,1,16777215,1789793246,2763debc,？,中性,0
2203702250495628800,3.215,0,1,16777215,1789792979,e67f5dbb,一亿播放祝贺,中性,0
2203675699988979456,14.136,0,1,16777215,1789789814,c9ca3a8a,56个人出来,中性,0
2203646873050114304,195.376,3,5,16646914,1789786378,ac4c6895,《别 当 哥 哥 了 2》,中性,0
2203644901702007296,13.42,0,5,15138834,1789786143,e85fd774,666又又又又又被骗了,中性,0
2203643659147388672,0.0,0,1,16777215,1789785995,bef45f1f,愿   者   上   钩,中性,0
2203641591305644032,12.536,0,1,16777215,1789785748,f8946718,《黑人抬棺极品原版》,中性,0
2203631921463586304,6.9,0,1,16777215,1789784595,efcc7c35,年年上一当，当当不一样。,中性,0
2203625038140999168,168.489,2,1,16777215,1789783775,34c15d8b,[ohh],中性,0
2203624925154760960,159.189,2,1,16777215,1789783761,34c15d8b,今天又更新了,中性,0
2203621872364199680,14.135,0,5,16777215,1789783397,d4f2d4e0,恭喜破亿,中性,0
2203621792471147520,44.428,0,1,16777215,1789783388,a9855cf4,愿者上钩,中性,0
2203606978239753216,6.824,0,1,16777215,1789781622,743db402,从后室达尔文奖获奖记录记录16第二条被骗进来的,中性,0
2203587726770134784,24.673,0,1,15772458,1789779327,34c15d8b,科比坠机了!!!,中性,0
2203587322103009024,2.79,0,1,16777215,1789779279,f3d905dd,一亿？？？？？！！！！！,中性,0
2203571044428978176,0.534,0,1,16777215,1789777338,55aac358,PCL2哈哈哈,中性,0
2203545103237940224,0.0,0,1,16777215,1789774246,11ea6ede,又被骗了,中性,0
2203518393036866816,4.414,0,1,16777215,1789771062,fcb19323,又被骗了,中性,0
2203389486472757248,56.775,0,1,16777215,1789755695,f8cecbb5,kksk,中性,0
2203336907919544832,188.656,3,4,38979,1789749427,ea06cdcc,一亿播放量吓人,中性,0
2203329263061912064,4.37,0,1,16777215,1789748516,c4a3c140,又被骗了,中性,0
2203326934493714432,8.032,0,1,16777215,1789748238,c6b02ad3,又 被 骗 了,中性,0
2203322818002003968,0.899,0,1,16777215,1789747747,81fb83d7,一亿播放…,中性,0
2203304082625103360,100.21,1,5,16707842,1789745514,42632ab6,苹果18真发售了,中性,0
2203303643976635136,69.69,1,5,16707842,1789745462,42632ab6,尼康z70发售,中性,0
2203303474065205248,0.023,0,5,15138834,1789745441,cc471bcb,《全网首发！用三角洲口风琴吹千本樱》,中性,0
2203300706428551168,5.991,0,5,8700107,1789745111,89990595,怎么上榜自己心里清楚,中性,0
2203288578833098752,0.406,0,1,16777215,1789743666,97e56b29,突破一亿播放！！,中性,0
2203283395176625408,12.064,0,5,15138834,1789743048,ed4b91e6,喜报！有一亿个人被骗了,中性,0
2203278246752301824,123.323,2,1,16777215,1789742434,2ac5030e,无机杀手出第二季了,中性,0
2203253080358384640,27.226,0,1,16777215,1789739434,1837fe8,PCL!!!!,中性,0
2203239424953776384,4.222,0,4,16777215,1789737806,53b2dfdb,一亿播放,中性,0
2203229854198765312,0.528,0,1,16777215,1789736665,68968598,告诉我你是怎么进来的,中性,0
2203224271026470912,147.052,2,1,16777215,1789736000,334508ef,我的世界出竖半转了！,中性,0
2203223558707790336,88.732,1,1,16777215,1789735915,334508ef,博纳影业倒闭了！,中性,0
2203223066128779264,72.352,1,1,16777215,1789735856,334508ef,三角洲免费送10000三角券,中性,0
2203222831927120384,60.692,1,1,16777215,1789735828,334508ef,名侦探柯南完结撒花！,中性,0
2203205756252922112,5.741,0,1,16777215,1789733792,906176ca,你被骗了,中性,0
2203192139410885632,9.949,0,1,16777215,1789732169,1605e36,能抢上弹幕吗？,中性,0
2203188673640674304,5.464,0,1,16777215,1789731756,a8ae7959,你被骗了,中性,0
2203186422926957824,8.34,0,1,16777215,1789731488,a99edd1,播放破亿了！,中性,0
2203175935438619648,1.714,0,1,16777215,1789730238,3ad9108f,我的世界上新安卓应用商店了（doge),中性,0
2203173246277679104,0.0,0,5,41194,1789729917,12d27550,一亿了！,中性,0
2203162646340635648,5.571,0,1,16777215,1789728653,9e84054b,54人正在被骗,中性,0
2203162113932603904,12.029,0,1,16777215,1789728590,79b685f2,被骗了,中性,0
2203156919387256064,15.05,0,4,15138834,1789727971,4687ec1c,《你被骗了》,中性,0
2203141169850978304,33.173,0,5,16777215,1789726093,b208ca12,ADR的钙～,中性,0
2203136075852156416,8.949,0,5,16707842,1789725486,adfc1e3,我又被骗,中性,0
2203134320183951360,6.52,0,1,16777215,1789725277,cd778c60,年年考年年错,中性,0
2203134181712876544,10.036,0,1,16777215,1789725260,e52663c4,啊PC12来的,中性,0
2203128736416155136,2.754,0,1,16777215,1789724611,fb38a7d8,吃一堑吃一堑吃一堑吃一堑吃一堑吃一堑吃一堑,中性,0
2203121962178586880,14.301,0,5,15138834,1789723803,ec048fb7,《别当欧尼酱了第二季》,中性,0
2203117745351680256,12.031,0,1,16777215,1789723301,39558445,你好，未来的我。,中性,0
2203109169895497472,154.461,2,1,16777215,1789722278,16910a33,1,中性,0
2203016587009835008,7.896,0,1,16777215,1789711242,9b01fd2b,一个亿了,中性,0
2202849896334970368,1.575,0,5,16740868,1789691371,455b8a88,被PCL2作者骗了的来签到,中性,0
2202798133321411584,199.861,3,1,16777215,1789685200,2820fd89,《Minecraft 2.0 制作完成了》,中性,0
2202793834478571520,1.44,0,1,16777215,1789684688,2820fd89,《phigros第九章更新》,中性,0
2202668879929444608,26.968,0,5,16707842,1789669792,4074b9c9,每次被骗进来，就跟出局后返回大厅一样,中性,0
2202621340589808384,0.252,0,1,8700107,1789664125,a26861f,恭喜你被骗了。,中性,0
2202598541971575808,0.808,0,5,15138834,1789661407,9f98bb27,一亿,中性,0
2202592104595757568,56.452,0,1,15138834,1789660639,bfdc500a,一亿同框,中性,0
2202571050482211584,126.867,2,1,16777215,1789658130,b9ab4d40,我当时被评论区的大佬骗进来了，现在他在我的收藏夹里已经呆了两三年了,中性,0
2202519203901234176,9.64,0,1,16777215,1789651949,f1f4bae7,你被骗到了。,中性,0
2202502094689821440,0.9,0,5,16777215,1789649909,989f133e,《每日一错》,中性,0
2202499650223787776,6.976,0,1,16777215,1789649618,ad70ff6a,请输入文本,中性,0
2202482185184098816,13.24,0,1,16777215,1789647536,2bf5d96,不是我刷哪？怎么都有这个音乐啊,中性,0
2202470609123410688,161.444,2,1,16777215,1789646156,334508ef,我的世界修复了所有bug,中性,0
2202459018482627072,0.638,0,5,16777215,1789644774,ab64cf07,标准结局,中性,0
2202448708456222208,0.333,0,5,16707842,1789643545,30b0528d,半条命出三了！,中性,0
2202448453165547520,3.731,0,1,16777215,1789643515,30b0528d,xen其实存在,中性,0
2202439464193303296,21.277,0,5,10546688,1789642443,423ec72a,GTAⅦ 实现全AI对话+NPC，现已发售,中性,0
2202438700888734208,141.652,2,5,16777215,1789642352,334508ef,半条命6内部测试片段,中性,0
2202437608691924224,27.712,0,5,16777215,1789642222,334508ef,欧美大片！！！https://b23.tv/4TauTMo,中性,0
2202409837768764160,12.94,0,1,16777215,1789638912,105fde46,谁懂是被骗的,中性,0
2202358813876351744,48.464,0,1,16777215,1789632829,5531b1b5,Kk sk,中性,0
2202293601164362240,25.126,0,1,16777215,1789625055,6a17f335,gta6发售日期启动,中性,0
2202293473548639232,9.95,0,1,16777215,1789625040,6a17f335,跟他,中性,0
2202269094853079296,15.929,0,1,16777215,1789622134,546a906,怎么又被骗了？,中性,0
2202227096599104768,28.44,0,5,16777215,1789617127,eaaffee0,1亿合影,中性,0
2202072087496375808,5.613,0,1,16777215,1789598649,3a3235f6,一亿,中性,0
2201903073041944320,9.73,0,5,16707842,1789578500,b9d8bae5,不是在看到27个人是被骗过来的吗,中性,0
2201868736565617920,15.856,0,1,16777215,1789574407,61f81158,我操破亿了,中性,0
2201866727954996224,11.119,0,5,16777215,1789574168,bb1d2bd5,破亿了,中性,0
2201862325370608640,0.0,0,5,16777215,1789573643,dd99eebb,果然，我就知道,中性,0
2201851505601172480,0.574,0,1,16777215,1789572353,5dcc6406,每日被骗,中性,0
2201825183222894336,2.986,0,5,15138834,1789569215,50071516,又被骗了,中性,0
2201817316512317184,6.377,0,5,16777215,1789568278,f9740115,一亿合影,中性,0
2201802864199118336,21.8,0,1,16777215,1789566555,c03997ea,MC1.22宣传片,中性,0
2201794853623824896,0.863,0,5,16707842,1789565600,85489ed8,你   被   骗   了,中性,0
2201790682170528256,0.647,0,5,15138834,1789565102,d3029eba,你   被   骗   了,中性,0
2201782034807612672,8.718,0,1,16777215,1789564072,51c507a6,我操，我又被骗了,中性,0
2201774015163714816,0.408,0,5,16777215,1789563116,6466d34b,年年考年年错,中性,0
2201760652984130048,40.982,0,4,15138834,1789561523,20786b92,你被骗了,中性,0
2201759294515932416,95.129,1,1,16777215,1789561361,65c71622,Steam中国大陆区也能使用了,中性,0
2201726016874467072,10.691,0,1,16777215,1789557394,f8cecbb5,一亿了,中性,0
2201714300018523648,1.701,0,1,16777215,1789555997,bf4e3269,被PCL2骗了,中性,0
2201686908932188928,147.667,2,1,16777215,1789552732,56094da4,无限大上线了,中性,0
2201639684617325824,35.286,0,1,16777215,1789547102,58b3d27a,PCL你真的神了,中性,0
2201633538226059776,0.0,0,5,15138834,1789546369,c934de0b,你被骗了,中性,0
2201580265808873728,0.073,0,5,15138834,1789540019,e26de138,《1亿》,中性,0
2201526501047353344,168.06,2,1,16777215,1789533610,34c15d8b,你舍得jjd,中性,0
2201526166316994560,133.64,2,1,16777215,1789533570,34c15d8b,继续继续nxnxn,中性,0
2201526029691571456,121.58,2,1,16777215,1789533553,34c15d8b,66666666666,中性,0
2201525640837749248,81.42,1,1,16777215,1789533507,34c15d8b,[ohh],中性,0
2201525433420924928,61.72,1,1,16777215,1789533482,34c15d8b,快快快,中性,0
2201524424455985920,37.359,0,1,16777215,1789533362,d97429f3,phi第十章要出了,中性,0
2201505461244350720,0.0,0,5,16777215,1789531101,923aa9de,一亿播放纪念,中性,0
2201500057965582592,0.557,0,5,16777215,1789530457,5e6a123d,破亿纪念,中性,0
2201485069032813568,4.324,0,5,16777215,1789528671,52732d0e,一亿合影,中性,0
2201484898341732864,6.672,0,1,16777215,1789528650,2d363c29,精  神  食  粮,中性,0
2201484794683729664,1.04,0,1,16777215,1789528638,2d363c29,1亿贺电,中性,0
2201451768179740160,4.898,0,1,16777215,1789524701,f1c96ba0,爱博士？,中性,0
2201369616453206528,12.171,0,1,16777215,1789514908,17eec609,来都来了,中性,0
2201343745214554112,63.509,1,1,16777215,1789511823,80fe3b21,汪苏泷～,中性,0
2201243920804666112,5.068,0,1,16777215,1789499923,a218af70,心甘情愿，好久没听了,中性,0
2201159162812717568,9.162,0,5,16777215,1789489819,f2afdc92,被 骗 了 1 亿 次,中性,0
2201156867143694080,0.422,0,5,16707842,1789489546,67701a48,恭喜你被骗了,中性,0
2201147512051244800,0.0,0,1,15138834,1789488431,165c2e27,一亿合影,中性,0
2201147277245718272,64.927,1,1,16777215,1789488403,15cfde94,使命召唤联动崩坏三,中性,0
2201137222450364160,1.804,0,1,16777215,1789487204,7379c99b,一亿合影,中性,0
2201091860255373312,0.0,0,1,16777215,1789481796,32f97171,《你被骗了》,中性,0
2201066851592206848,58.451,0,1,16777215,1789478815,3021cd0d,你被骗了,中性,0
2201032586544410880,2.07,0,5,16707842,1789474730,e648c22b,破亿纪念,中性,0
2201029259328949248,151.108,2,1,16777215,1789474334,a96f8525,mc2.0宣传片,中性,0
2201019835129940224,25.905,0,1,16777215,1789473210,bd3a7ddc,耳朵怀孕了,中性,0
2201016017139474944,80.999,1,1,16777215,1789472755,9e101a2f,恭喜破亿,中性,0
2201007206727258112,7.221,0,1,16777215,1789471705,e9bf5635,一亿播放量,中性,0
2200963486409000192,9.161,0,5,14811775,1789466493,ebca08b2,我是自己滑进来的,中性,0
2200942528160097536,0.0,0,1,16777215,1789463995,d6e8b261,你被骗啦,中性,0
2200868961368367872,13.014,0,5,16707842,1789455225,8fabc910,坏消息：被骗了，好消息：被骗了←_←,中性,0
2200830535646043136,20.284,0,1,16777215,1789450644,f8f25194,每日被骗,中性,0
2200816649740528384,0.387,0,5,15138834,1789448989,22da9d97,你掉进陷阱了！,中性,0
2200808201095040768,21.401,0,5,16707842,1789447982,6ff4f92b,被骗过来的,中性,0
2200804377777472512,3.508,0,1,16777215,1789447526,1d502b0b,上课了,中性,0
2200672624093530368,0.0,0,1,16777215,1789431820,bf0b1571,◖⚆ᴥ⚆◗,中性,0
2200618698170637312,122.398,2,1,16777215,1789425391,cb077d48,石之海那个，已经成真了,中性,0
2200608123289610496,0.304,0,5,16777215,1789424130,e2edc24a,再来亿遍,中性,0
2200438001631975936,4.198,0,1,16777215,1789403850,e551482a,又被骗了,中性,0
2200387807129394688,109.847,1,1,16777215,1789397867,f97c5656,翻译好上头,中性,0
2200386025388683520,24.308,0,1,16777215,1789397654,ce862949,你被骗了,中性,0
2200362433963662848,4.777,0,1,16777215,1789394842,7f6e8e4b,我再续杯呢？,中性,0
2200353074609636608,3.128,0,1,16777215,1789393726,d3838cf5,1.1亿贺电,中性,0
2200342058421178624,11.797,0,1,16777215,1789392413,abaa674c,PCL我吃柠檬,中性,0
2200306233066441472,9.112,0,1,16777215,1789388142,59bb1f3c,第三次,中性,0
2200290824259621632,192.069,3,1,16777215,1789386305,720a157d,BV1GJ411x7h7,中性,0
2200269029833958912,8.648,0,1,16777215,1789383707,9bdde812,愿者上钩,中性,0
2200251795514380032,5.911,0,1,15138834,1789381653,581bd372,重温经典,中性,0
2200249546267894272,3.384,0,5,15138834,1789381385,9896baba,被骗小曲,中性,0
2200206470758073856,62.755,1,1,16777215,1789376250,8629e947,罗志祥～罗志祥～罗志祥～,中性,0
2200152572936669440,6.522,0,1,16777215,1789369825,d02033e8,爷 自 愿 的,中性,0
2200149677037827584,2.683,0,1,16777215,1789369479,d8eb657c,愿者上钩,中性,0
2200055451327753728,6.28,0,1,16777215,1789358247,2dfc3692,一亿播放量,中性,0
2200052083921849344,0.365,0,5,16707842,1789357845,2c7a0700,陌生链接你都敢点，你的胆子真是肥嘟嘟的,中性,0
2200050703920503040,0.538,0,1,16777215,1789357681,f1c7e866,其实你不是第一遍来了,中性,0
2200025662398945536,1.0,0,1,16777215,1789354696,8138c446,bili-re 纯算逆向弹幕测试 1789354693,中性,0
2200025263009027328,1.0,0,1,16777215,1789354648,8138c446,bili-re autotest 1789354645,中性,0
2200023663830189824,1.0,0,1,16777215,1789354457,8138c446,bili-re autotest 1789354455,中性,0
2200022020610909184,1.0,0,1,16777215,1789354262,8138c446,bili-re autotest 1789354259,中性,0
2200021184585344512,1.0,0,1,16777215,1789354162,8138c446,bili-re autotest 1789354159,中性,0
2200020995296363264,1.0,0,1,16777215,1789354139,8138c446,bili-re 纯算逆向弹幕测试 1789354137,中性,0
2200020581687831040,1.0,0,1,16777215,1789354090,8138c446,bili-re autotest 1789354087,中性,0
2200020339089168128,1.0,0,1,16777215,1789354061,8138c446,bili-re 纯算逆向弹幕测试 1789354058,中性,0
2200019467143824128,1.0,0,1,16777215,1789353957,8138c446,bili-re autotest 1789353954,中性,0
2200019363821073408,1.0,0,1,16777215,1789353945,8138c446,bili-re 纯算逆向弹幕测试 1789353942,中性,0
2200019026280399616,1.0,0,1,16777215,1789353905,8138c446,bili-re autotest 1789353902,中性,0
2200018735808084224,1.0,0,1,16777215,1789353870,8138c446,bili-re autotest 1789353867,中性,0
2200018656518867200,1.0,0,1,16777215,1789353861,8138c446,bili-re 纯算逆向弹幕测试 1789353858,中性,0
2200017621985402368,1.0,0,1,16777215,1789353737,8138c446,bili-re 纯算逆向弹幕测试 1789353735,中性,0
2200017305441462528,1.0,0,1,16777215,1789353699,8138c446,bili-re autotest 1789353697,中性,0
2200016795271386624,1.0,0,1,16777215,1789353639,8138c446,bili-re autotest 1789353636,中性,0
2200016055178139392,1.0,0,1,16777215,1789353550,8138c446,bili-re autotest 1789353548,中性,0
2200013054321161472,1.0,0,1,16777215,1789353193,8138c446,bili-re autotest 1789353190,中性,0
2200012939397361920,1.0,0,1,16777215,1789353179,8138c446,bili-re 纯算逆向弹幕测试 1789353176,中性,0
2200012462639205888,1.0,0,1,16777215,1789353122,8138c446,bili-re autotest 1789353119,中性,0
2199992804791409152,29.361,0,1,16777215,1789350779,87a04397,原神3发布预告,中性,0
2199978706167645952,47.145,0,5,15138834,1789349098,ab6faf99,迷你世界官司赢了,中性,0
2199882723111000832,1.581,0,1,16777215,1789337656,da1c158,破亿纪念,中性,0
2199848239774834944,1.0,0,1,16777215,1789333545,8138c446,bili-re autotest 1789333545,中性,0
2199847900841457920,1.0,0,1,16777215,1789333505,8138c446,bili-re autotest 1789333504,中性,0
2199822787840627712,1.0,0,1,16777215,1789330511,8138c446,bili-re autotest 1789330511,中性,0
2199800086983644928,1.0,0,1,16777215,1789327805,8138c446,bili-re autotest 1789327804,中性,0
2199799596459966208,1.0,0,1,16777215,1789327747,8138c446,bili-re autotest 1789327746,中性,0
2199777594726522112,1.0,0,1,16777215,1789325124,8138c446,bili-re 纯算逆向弹幕测试 1789325123,中性,0
2199723386803287808,91.229,1,1,16777215,1789318662,e9c18ad5,20260914！,中性,0
2199719089110041088,0.0,0,5,14811775,1789318149,d74c2163,恭喜你被骗了！！！！,中性,0
2199702578953443840,0.196,0,1,16777215,1789316181,63705be7,一亿合影,中性,0
2199702465698468864,9.551,0,1,16777215,1789316168,1eb0fc13,《屡教不改》,中性,0
2199676571777554176,73.446,1,1,16777215,1789313081,e6336f27,合影,中性,0
2199663844287247616,43.431,0,1,16777215,1789311564,e57f4851,现在是2026,中性,0
2199638356626490112,33.788,0,1,16777215,1789308525,3396cc83,被骗了,中性,0
2199637693766873856,10.378,0,1,16777215,1789308446,b3f5a2ae,我从祥细页点进去的,中性,0
2199633295141760000,0.0,0,5,15138834,1789307922,b1a576f4,Gta 6宣传片,中性,0
2199630811509146624,8.125,0,5,15138834,1789307626,3f0d4dae,"100,000,000播放量",中性,0
2199625763286925312,13.977,0,5,16646914,1789307024,21cd249e,明 知 故 看,中性,0
2199625212054756352,0.797,0,5,16646914,1789306958,21cd249e,你 被 骗 了,中性,0
2199622975501455616,0.0,0,1,16777215,1789306692,ee2410ba,恭喜你又被骗了,中性,0
2199615331491146496,0.736,0,1,16777215,1789305780,2acf6c75,恭喜破亿,中性,0
2199611747030341376,0.0,0,5,16707842,1789305353,815b0d42,你的蛋子真是肥嘟嘟的,中性,0
2199599955088704512,21.223,0,1,16777215,1789303947,ecdeeff4,什么叫做官方出第二季了？,中性,0
2199598465624264448,4.911,0,1,16777215,1789303770,33286f49,你被骗了,中性,0
2199598261269283328,0.289,0,1,16777215,1789303746,fc5e4da3,别点神秘链接了以后,中性,0
2199597682782148608,4.78,0,1,16777215,1789303677,d374e547,我被骗了。。,中性,0
2199583508367100160,61.396,1,5,16777215,1789301987,cef70d32,《85人正在被骗》,中性,0
2199582987048328448,32.054,0,1,16777215,1789301925,36a589cc,直男下线,中性,0
2199579084148376064,47.762,0,1,16777215,1789301459,e81fe512,卡了,中性,0
2199557987336106752,1.276,0,1,16777215,1789298944,eebeefcd,从反物质维度来的（,中性,0
2199533886831654144,42.218,0,5,15138834,1789296071,37781037,感谢在上角电脑端！,中性,0
2199533497415738112,16.148,0,5,15138834,1789296025,37781037,你 被骗了 100000000 次了,中性,0
2199533449802059520,132.059,2,1,16777215,1789296019,d3fa33b7,mc有竖半砖了,中性,0
2199516845483186432,3.515,0,1,16777215,1789294040,18e7965e,GTA6泄露画面,中性,0
2199510630095580160,6.712,0,1,16777215,1789293299,830cde82,官方来的,中性,0
2199502488842633472,197.184,3,1,16777215,1789292329,416905e3,666,中性,0
2199492897064865792,30.955,0,1,15138834,1789291185,fc1832c1,愿  者  上  钩,中性,0
2199484773226152192,171.539,2,1,16777215,1789290217,5795e271,逆转7预告片泄露,中性,0
2199483038915410688,0.208,0,1,16777215,1789290010,a80b1adb,1.1亿了！,中性,0
2199472559782003968,4.589,0,1,16777215,1789288761,843a6af5,因和而相遇,中性,0
2199464449894154752,2.945,0,5,16707842,1789287794,193901d0,又被骗了！！！,中性,0
2199458877845283840,32.856,0,1,16777215,1789287130,701d32a2,蔚蓝档案动漫出第二季了,中性,0
2199456853958698240,8.005,0,1,16777215,1789286888,ef8af631,爷自愿的,中性,0
2199450261956310016,11.99,0,5,14811775,1789286103,aeca9fb3,爱之巢出正式版了,中性,0
2199449887588887808,6.877,0,1,16777215,1789286058,2b8a34e1,[ohh],中性,0
2199448216092041472,4.974,0,1,16777215,1789285859,498163cc,？,中性,0
2199441757928806144,25.439,0,1,16777215,1789285089,56672fbb,自投罗网了,中性,0
2199439772748293888,67.621,1,1,16777215,1789284852,6fe875dd,GtA6宣传片,中性,0
2199439155774439168,3.861,0,1,16777215,1789284779,6fe875dd,又被骗了,中性,0
2199434036442389504,209.896,3,1,16777215,1789284168,72e137aa,88888888888888888888888888,中性,0
2199433653997075712,170.45,2,1,16777215,1789284123,72e137aa,kksk,中性,0
2199432617374929408,46.356,0,1,16777215,1789283999,72e137aa,kksk,中性,0
2199422655298913792,8.79,0,1,16777215,1789282812,bf591753,年年考年年错,中性,0
2199411567069208064,8.14,0,1,16777215,1789281490,8bcf3a09,所有人总共被骗了一亿次,中性,0
2199409664373637120,0.542,0,5,15138834,1789281263,4b9d3028,电动火车模拟器,中性,0
2199409503396039936,0.613,0,4,15138834,1789281244,4b9d3028,你被骗了？,中性,0
2199398551170920192,9.986,0,1,15138834,1789279938,913d9816,你被骗了,中性,0
2199395334977754368,1.161,0,5,16777215,1789279555,c606bf7,你又被骗进来了吧？,中性,0
2199386504055972864,0.6,0,1,16777215,1789278502,c49ab38f,[ohh],中性,0
2199385118383597568,0.351,0,4,9033215,1789278337,c49ab38f,百亿合影!!!,中性,0
2199378760632346368,10.958,0,1,16777215,1789277579,58878749,五年了还是会被骗……,中性,0
2199372958551198208,1.503,0,1,16777215,1789276887,f6bcd3d5,播放量一亿了,中性,0
2199358553859525376,0.256,0,5,15138834,1789275170,87ba037d,你被骗了,中性,0
2199356628716275200,0.0,0,5,16777215,1789274941,23960ddc,又被骗了？真是没办法呀,中性,0
2199355216820851712,0.0,0,5,15138834,1789274772,9325a4ff,全球80亿个人都被骗了,中性,0
2199341627201111296,32.33,0,1,16777215,1789273152,91506133,八宝粥人机削弱了,中性,0
2199335993059135488,0.0,0,5,16777215,1789272481,309f0194,你好，未来的我,中性,0
2199334341929878528,3.72,0,1,16777215,1789272284,bbc0eb58,又被骗了,中性,0
2199331187242913024,87.741,1,1,8700107,1789271908,9ff03342,暗区突围AA12返场,中性,0
2199306502278624768,13.822,0,1,16777215,1789268965,39bca1a8,又被骗进来杀了,中性,0
2199298794700218112,0.0,0,5,15138834,1789268046,b2e2f48a,又      被      骗      了,中性,0
2199285229633117184,11.157,0,1,16777215,1789266429,f76e95e8,？,中性,0
2199282840784006400,33.901,0,1,16777215,1789266144,d5168963,心 甘 情 愿,中性,0
2199272817286759168,140.669,2,1,16777215,1789264950,b3ae5023,《那年那兔那些事儿更新至第八季》,中性,0
2199268650580645888,1.36,0,1,16777215,1789264453,5ff932b9,一个亿了,中性,0
2199245622963174656,3.653,0,1,16777215,1789261708,4b148abf,你被骗了,中性,0
2199202602028832000,48.745,0,5,41194,1789256579,b3681211,依旧神力,中性,0
2199189474696295424,175.2,2,1,16777215,1789255014,c4aece40,《kerp最新基岩TACZ》,中性,0
2199180156730938368,122.794,2,1,15138834,1789253904,866ed763,半条命3正式发售了,中性,0
2199028920412851456,5.16,0,1,16777215,1789235875,fb47f394,《1亿》,中性,0
2199025932205901568,15.531,0,5,15138834,1789235519,1957e789,52人正在观看,中性,0
2199007880358368768,5.886,0,1,16777215,1789233367,99602627,年年考年年错,中性,0
2199004639704872704,7.44,0,1,15138834,1789232980,caf56b91,dr更了,中性,0
2198993353461995264,87.106,1,1,16777215,1789231635,ee48a76a,GTA6今日发售,中性,0
2198991902165417728,1.142,0,1,16777215,1789231462,5b1832e3,第一响应,中性,0
2198972837400877056,46.305,0,1,15138834,1789229189,3dd95e5b,666666666666,中性,0
2198961379938633984,0.625,0,1,15138834,1789227823,c1a32791,你好，未来的我,中性,0
2198927889385748736,5.748,0,1,16777215,1789223831,ccdcc7cb,恭喜破亿,中性,0
2198921980885944064,1.112,0,1,41194,1789223127,d4f9636a,年年考，年年错,中性,0
2198918888811846656,118.23,1,1,1131796,1789222758,e0b1e1e3,PCL2,中性,0
2198917698208575232,2.304,0,1,16777215,1789222616,594c00de,大家都是怎么进来的？,中性,0
2198913876576903424,0.413,0,1,15138834,1789222161,72d2dac1,欢 迎 回 来,中性,0
2198908994943964416,3.661,0,1,16777215,1789221579,28af401c,你被骗了,中性,0
2198902009615200768,24.393,0,1,16777215,1789220746,45022d68,你被骗了,中性,0
2198897005433216000,3.919,0,5,15138834,1789220149,3acb2c62,欢迎回家,中性,0
2198895265879460096,8.62,0,1,16777215,1789219942,bd253281,被骗了,中性,0
2198891665673764864,18.164,0,5,15138834,1789219513,ae4829d4,播放量都一亿了,中性,0
2198889243865393152,4.941,0,5,15138834,1789219224,f31c1eaa,破亿纪念！！！！,中性,0
2198888305456923392,7.736,0,1,16777215,1789219112,f68c19bd,[举手],中性,0
2198883412717911296,11.87,0,1,16777215,1789218529,bd92b268,【本家投稿】ALL I AM // The Amazing Digital Circus Song MUSIC VIDEO,中性,0
2198880494337595648,1.237,0,1,16777215,1789218181,8b9ac199,我是自愿的,中性,0
2198865634749373696,8.057,0,1,16777215,1789216410,7a0fc087,愿者上钩,中性,0
2198850730264651264,50.861,0,1,15138834,1789214633,5d1c8a47,游戏人生第二季发布预告,中性,0
2198844938845153536,78.258,1,1,16777215,1789213942,6fdc8c7a,I am in one,中性,0
2198831667806860032,34.225,0,1,16777215,1789212360,8befd556,？？？这给我干哪来了？,中性,0
2198817082350097920,0.844,0,5,16777215,1789210622,b3ceaeb3,破亿留念,中性,0
2198815852177449472,33.84,0,1,16777215,1789210475,b5050b26,PCL2还是太厉害了,中性,0
2198805606272830720,2.709,0,1,16777215,1789209254,3dddd4e0,？,中性,0
2198797000953881344,8.122,0,5,11890,1789208228,b5c81100,年年考年年错,中性,0
2198783422062423808,170.739,2,1,16777215,1789206609,8395a918,国足赢了！！,中性,0
2198783011808905472,128.115,2,1,16777215,1789206560,8395a918,Rock star games宣布gt A6免费送，索尼宣布PS5免费送，微软宣布Xbox免费送,中性,0
2198782499827192576,82.279,1,1,16777215,1789206499,8395a918,寒木春华定每年大年初一上一部罗小黑的电影,中性,0
2198782209094516480,57.955,0,1,16777215,1789206465,8fa88e5a,三角符文更新第六章了！,中性,0
2198769081762098944,46.401,0,1,16777215,1789204900,23b43643,PCL2来的,中性,0
2198767267045700352,98.97,1,1,16777215,1789204683,6ac4175f,PCL2,中性,0
2198759899356644608,58.421,0,1,16777215,1789203805,a18d4876,2,中性,0
2198749839058054144,5.91,0,1,16777215,1789202606,46030342,PCL2的来,中性,0
2198749141898056192,41.979,0,1,16777215,1789202523,46030342,PCL2,中性,0
2198747313785285632,34.533,0,1,16777215,1789202305,311cc42,去111919119191991919119199191919191919191,中性,0
2198741107918228736,53.534,0,1,16777215,1789201565,22353986,我在等2027年被骗的人_(:з」∠)_,中性,0
2198728852942331392,14.046,0,5,14811775,1789200104,bdcadaf5,好听,正向,1
2198728556044325632,1.934,0,1,16707842,1789200069,83fc461,你                被             骗            了,中性,0
2198724815941039872,2.269,0,1,16777215,1789199623,93fdde03,？,中性,0
2198723785401211392,2.281,0,1,16777215,1789199500,1bb294be,？,中性,0
2198713664587369728,11.226,0,1,16777215,1789198293,204af3b2,又。,中性,0
2198709558925826816,11.755,0,1,16777215,1789197804,a4df5f06,《PCL出10了》,中性,0
2198694041024535552,81.505,1,1,16777215,1789195954,24221093,MC1.33版本,中性,0
2198685880620481280,102.23,1,1,16777215,1789194981,1e69c989,刚毅发布我的世界26.2了！！！！,中性,0
2198679730235586304,13.963,0,1,16777215,1789194248,f403d4af,你被骗了,中性,0
2198673518605358592,174.315,2,5,16646914,1789193508,48c70a5a,《AVA第四季上线》,中性,0
2198666995438847744,145.586,2,1,16777215,1789192730,e9548c60,《shot on sony a1M2》,中性,0
2198666753796959232,116.738,1,1,16777215,1789192701,e9548c60,《Apple PRO RES 32K 120FPS RAW》,中性,0
2198659272442097664,110.174,1,5,38979,1789191809,be9f2f61,网易更新26.3,中性,0
2198656766848504064,41.748,0,1,16777215,1789191511,391576f0,游戏人生第二季PV,中性,0
2198651285573262336,57.15,0,1,16777215,1789190857,7e197073,pcl2,中性,0
2198648705714853120,6.26,0,5,16707842,1789190550,4db34c28,你好未来的我,中性,0
2198645816124784896,1.421,0,4,16777215,1789190205,e4ef4956,欢迎来自b站各处的朋友,中性,0
2198631426172628736,0.22,0,5,9487136,1789188490,a675cd1c,又回来了,中性,0
2198603843313808128,1.104,0,1,15138834,1789185202,cca1254b,又被骗了,中性,0
2198581736110532096,0.265,0,1,16777215,1789182566,9654830d,GTA4预告片,中性,0
2198579753907652608,5.821,0,5,16777215,1789182330,4a9e4e35,破亿！,中性,0
2198577090877120768,10.935,0,1,16777215,1789182013,7ad47a19,怎么又被骗了,中性,0
2198560813923749120,24.152,0,5,38979,1789180072,f61cd2f2,Minecraft1.22更新了,中性,0
2198557411605258240,3.66,0,1,16777215,1789179667,ad15c151,操,中性,0
2198555875508241664,46.365,0,1,16777215,1789179483,5463c665,???,中性,0
2198533796742788096,6.091,0,1,16777215,1789176851,d7611931,你被骗了,中性,0
2198524145707659520,10.103,0,1,8700107,1789175701,e9e7ea3c,有一亿被骗了,中性,0
2198521933472528384,19.285,0,1,16777215,1789175437,ba26204a,被骗了,中性,0
2198518134246726912,31.3,0,1,16777215,1789174984,70716a9e,PCL2我*****你****,中性,0
2198490721558873344,10.004,0,1,16777215,1789171716,3a05da3d,真破亿了,中性,0
2198273424878209280,29.141,0,1,16777215,1789145813,36da098b,年年有人看，岁岁有今朝,中性,0
2198234538017283072,42.774,0,5,16777215,1789141177,f567d336,永远不会放弃你,中性,0
2198221246201133056,1.141,0,5,16707842,1789139593,4b5fefee,自   愿   被   骗,中性,0
2198211278764453376,9.2,0,1,16777215,1789138404,47636096,你被骗了,中性,0
2198210189176928768,159.81,2,1,16777215,1789138274,399efde,我初二了！,中性,0
2198197614779486208,0.072,0,5,16777215,1789136775,1f5e0f71,你被骗了,中性,0
2198191312535913216,3.987,0,5,16707842,1789136024,94182ed,《 U P 主 有 人 盗 你 视 频 》,中性,0
2198187895906063104,6.96,0,1,16777215,1789135617,d85c9b05,你  被  骗  了,中性,0
2198187254177309440,0.368,0,1,16777215,1789135540,9654830d,0帧起手，我怎么躲,中性,0
2198180234582082560,15.027,0,1,16777215,1789134704,c07c8bfe,被骗了17次怎么办,中性,0
2198167522946823168,1.453,0,5,15138834,1789133188,73f6162f,已经被骗1.1亿次了,中性,0
2198166043079024384,34.451,0,1,16777215,1789133012,54054030,自愿被骗,中性,0
2198163078695683584,0.861,0,5,16646914,1789132658,26801684,大家记住BV1GJ411x7h7，谨防被骗,中性,0
2198148955785865984,9.954,0,1,16777215,1789130975,76d41a8d,被骗了,中性,0
2198125378504751872,0.0,0,5,41194,1789128164,26d406c1,一亿播放！,中性,0
2198123383852583680,0.937,0,1,16777215,1789127926,e0df0db8,pcl2千万别点。,中性,0
2198122977290655488,13.866,0,1,16777215,1789127878,5b55705b,被骗了，但是愿者上钩,中性,0
2198112466591641856,12.82,0,1,16777215,1789126625,9cbf7544,亿,中性,0
2198093512078247168,25.204,0,1,16777215,1789124365,5e63245a,不是，我也是被骗过来的。,中性,0
2198077937964756736,10.103,0,5,16777215,1789122509,ce862949,开幕雷击,中性,0
2198074837426621440,0.561,0,5,15138834,1789122139,91d7f2ef,你 被 骗 了,中性,0
2198074577153259520,24.31,0,1,16777215,1789122108,19dc80d4,这里也有baluga!??!,中性,0
2198074180850507264,7.105,0,1,16777215,1789122061,19dc80d4,你被骗了！,中性,0
2198069808347241984,13.191,0,1,16777215,1789121540,5de1ca1b,？我不是点音乐链接吗怎么,中性,0
2198064189640750848,164.72,2,1,16777215,1789120870,e42c65ea,防 沉 迷 系 统 破 解 方 法,中性,0
2198063395885539584,70.098,1,1,16777215,1789120775,e42c65ea,《数学家证明2+2=5》,中性,0
2198063056608080384,34.64,0,1,16777215,1789120735,e42c65ea,《苹果公司破产》,中性,0
2198049901970404096,43.48,0,1,16777215,1789119167,248a1861,901徐浩天实名观看,中性,0
2198046272312402432,13.631,0,1,16777215,1789118734,568708ec,PCL2,中性,0
2198045049085126656,5.489,0,5,16777215,1789118588,1a78b2e2,《铜傀儡战争原版》,中性,0
2198042506221291264,35.507,0,5,16777215,1789118285,792d8c0f,我---的声带处于量子状态,中性,0
2198034926744615424,34.471,0,1,16777215,1789117382,ef95bbc9,龙猫！！！！！！,中性,0
2198029018564455936,83.441,1,1,16777215,1789116677,bb411945,洲要与BA联动了,中性,0
2197922886257035520,0.0,0,1,16777215,1789104025,d1960630,我的世界修复了全部特性！,中性,0
2197884998051796992,25.624,0,1,16777215,1789099509,6f221313,pcl2,中性,0
2197881865351321856,5.963,0,1,16777215,1789099135,609009c8,这次自愿,中性,0
2197529956819488000,22.968,0,1,16777215,1789057184,876817c5,被骗，但是是自愿的,中性,0
2197500601749995008,0.32,0,1,16777215,1789053685,e920ab47,破亿见证,中性,0
2197494101820856576,0.661,0,5,16707842,1789052910,386d3678,银格4预告片,中性,0
2197484635838849536,9.08,0,1,16777215,1789051782,9cf04965,你被骗过来了,中性,0
2197456019956209408,0.619,0,5,16777215,1789048370,4955da02,现在已经被骗到一亿播放了（释放催泪瓦斯）,中性,0
2197416442126092544,1.721,0,1,16777215,1789043652,2c63f3cb,有谁跟我一样是被骗过来的？,中性,0
2197409676990291456,7.8,0,1,15138834,1789042846,73ae9010,自愿被骗 是真爱听,中性,0
2197409349373357056,17.446,0,1,16777215,1789042807,dfe995af,？,中性,0
2197396299190759680,11.627,0,1,16777215,1789041251,c01f809b,泰坦陨落要出第三部了,中性,0
2197340470505220096,0.672,0,5,15138834,1789034596,96b085c,欢迎回到存档点,中性,0
2197331541251379968,0.0,0,1,16777215,1789033531,196fa017,我是第一！,中性,0
2197272933368588544,67.256,1,1,16777215,1789026545,f42e28e8,PCL,中性,0
2197192310138680320,26.53,0,1,16777215,1789016934,c726958,！！！,中性,0
2197172690182564608,13.365,0,1,16777215,1789014595,84759189,年年考，年年错,中性,0
2197013408208148224,9.314,0,1,16777215,1788995607,968dbf69,1亿,中性,0
2196892692506705408,54.036,0,1,16777215,1788981217,40aa00a2,我知道你为何而来,中性,0
2196867538896780288,0.898,0,5,16777215,1788978218,48853e2c,你被骗了！,中性,0
2196864927506188288,27.227,0,1,16777215,1788977907,f36f918d,1亿合影,中性,0
2196799980587483904,4.815,0,1,16777215,1788970164,2fa22712,一亿合影,中性,0
2196796569587379968,2.312,0,1,16777215,1788969758,29ce70cc,一亿贺电,中性,0
2196788656495372800,8.724,0,1,16707842,1788968815,a67bfdc0,年年考，年年错,中性,0
2196786294532282880,40.291,0,1,15138834,1788968533,bae19c87,《普通男生变成小南梁全套教程》,中性,0
2196746154455086080,5.94,0,1,16777215,1788963748,754e9b2b,？,中性,0
2196738775550644224,1.929,0,5,16777215,1788962868,66b3eb0f,喜破亿,中性,0
2196719886821315072,0.961,0,1,15138834,1788960617,c891772c,你好，未来的我（）,中性,0
2196706855865369344,0.745,0,5,16646914,1788959063,dca26d16,恭喜你被骗了,中性,0
2196703588922315008,5.681,0,1,16777215,1788958674,b38c91a1,一亿播放合影,中性,0
2196697371353013504,13.328,0,1,15138834,1788957932,baba5201,？被骗了第亿次,中性,0
2196696659344326144,4.461,0,5,16777215,1788957848,ace03d83,破亿的播放量，但点赞就那点,中性,0
2196693242740239104,81.182,1,5,16777215,1788957440,e4dbde0a,游戏人生出第二季预告了,中性,0
2196690655810849792,2.109,0,1,16777215,1788957132,128dd95a,"已经100,000,000播放量了",中性,0
2196639489286324480,1.248,0,1,16777215,1788951032,a962b661,见证一亿！！,中性,0
2196629244313392384,1.257,0,4,15138834,1788949811,49a8b9c8,老夫在此题字,中性,0
2196625544148840960,9.83,0,1,38979,1788949370,42ea2a41,你被骗了,中性,0
2196615108846192896,0.509,0,1,16777215,1788948126,619e6e3c,说吧，怎么进来的？,中性,0
2196584528125731584,132.602,2,1,16777215,1788944481,f36c0433,强欲之壶出狱,中性,0
2196563411188838656,3.204,0,1,16777215,1788941963,b7859af0,愿者上钩,中性,0
2196535657722896384,1.898,0,1,16777215,1788938655,9fb64022,年年考年年错,中性,0
2196500624094080000,0.267,0,5,16707842,1788934478,1998b64,欢                 迎                 回                  来,中性,0
2196468169760404736,19.444,0,5,16777215,1788930610,f9d18b6e,说吧，你们又是被什么骗过来,中性,0
2196259361570370816,14.164,0,5,15138834,1788905718,751c0d88,我搜妙趣横生来的,中性,0
2196237666398769152,0.618,0,5,16777215,1788903131,3e964a2b,自愿被骗,中性,0
2196144487100241920,60.932,1,1,16777215,1788892024,39863bd1,We've Konwn each other for so long,中性,0
2196144164516222720,55.499,0,1,16777215,1788891985,39863bd1,Never gonns tell a lie and hurt you,中性,0
2196143924509779456,51.817,0,1,16777215,1788891956,39863bd1,"Never gonna make you cry,Never gonns say goodbye",中性,0
2196143644741464064,44.847,0,1,16777215,1788891923,39863bd1,Never gonna give you up,中性,0
2196143496246330112,41.066,0,1,16777215,1788891905,39863bd1,Gatta make you understand,中性,0
2196143370568268032,35.593,0,1,16777215,1788891890,39863bd1,I just wanna tell you how Ifeeling,中性,0
2196143105412801280,30.187,0,1,16777215,1788891859,39863bd1,You would't get this from any other guu,中性,0
2196142692030411008,22.71,0,1,16777215,1788891810,39863bd1,You konwn the rules and so do I,中性,0
2196142446495941632,19.207,0,1,16777215,1788891780,39863bd1,We're no stranger to love,中性,0
2196064222499717888,180.065,3,1,16777215,1788882455,e42c65ea,《牛来2现已开播》,中性,0
2196063924703995904,144.567,2,1,16777215,1788882420,e42c65ea,iPhone20,中性,0
2196063504644594944,94.5,1,1,16777215,1788882370,e42c65ea,《名侦探柯南完结片》,中性,0
2196048586100523520,99.517,1,1,16777215,1788880591,4a5cc4d,地平线7,中性,0
2196048222949245440,75.773,1,1,16777215,1788880548,4a5cc4d,点千本樱进来的,中性,0
2196036208642219008,7.786,0,1,16777215,1788879116,3f385c96,恭喜破亿,中性,0
2196004766948754432,29.74,0,1,16707842,1788875368,5fdc4385,PCL2来的,中性,0
2195930327657011200,16.42,0,1,16777215,1788866494,d4ff0d14,被骗了,中性,0
2195920428630138624,72.747,1,1,16777215,1788865314,6fdc8c7a,我带了防骗护照,中性,0
2195919557641015296,0.0,0,5,15138834,1788865210,c14d0c75,欢迎回来,中性,0
2195778568141740032,0.0,0,1,16777215,1788848403,ac06d4fc,欢迎回来,中性,0
2195619410881274624,0.083,0,1,16777215,1788829430,29482d62,一亿播放量合影。,中性,0
2195579548391736064,3.895,0,1,16777215,1788824678,e6396b4b,一亿不至于,中性,0
2195556019370137344,123.025,2,1,16777215,1788821873,a0c970df,《三角洲偷鱼来》,中性,0
2195436967188087040,16.126,0,5,15138834,1788807681,79fca207,破亿打卡,中性,0
2195418495213402112,1.383,0,5,16777215,1788805479,8cdac9b7,你被耍了,中性,0
2195388092868279808,153.238,2,1,16777215,1788801854,ce5f65df,。,中性,0
2195369333834810112,0.044,0,5,16776960,1788799618,1b94e5f0,《半条命3宣传片》,中性,0
2195329542901054208,1.853,0,1,16777215,1788794875,6e8b445e,破亿打卡,中性,0
2195327025798458368,9.071,0,1,16777215,1788794575,baddb6f,一亿祝贺,中性,0
2195305802208695296,4.698,0,1,16777215,1788792045,b9ec7080,我是自愿进来的,中性,0
2195302035179134208,20.861,0,1,16777215,1788791595,e1521bd1,播放量一亿?,中性,0
2195294635570789632,45.074,0,1,16777215,1788790713,8d80324c,《自  投  罗  网》,中性,0
2195289541580555008,47.183,0,1,16777215,1788790106,13ee2d18,地球已经毁灭了，现在我们在火星上,中性,0
2195287176915964416,3.374,0,1,16777215,1788789824,46a5fc1c,牛逼又被骗了,中性,0
2195265727882639360,2.241,0,1,16777215,1788787267,4cd665cb,永不放弃你,中性,0
2195263331785809920,13.98,0,1,16777215,1788786982,beee294b,一亿播放了,中性,0
2195240725686729216,65.488,1,1,16777215,1788784287,ea264402,PCL,中性,0
2195239213590058240,5.716,0,1,16777215,1788784107,d203feaa,我是被通过链接被骗了,中性,0
2195218739665158656,6.205,0,1,16777215,1788781666,9ed25441,Win 12网页版,中性,0
2195191203774601728,1.829,0,1,16777215,1788778383,aea2e9e,你被骗了,中性,0
2195165253774760192,20.628,0,1,41194,1788775290,fa3b2ddf,《Re：0第五季》,中性,0
2195162780134052864,10.515,0,4,15138834,1788774995,9422e813,真好听！,中性,0
2195162586021740032,3.162,0,1,15138834,1788774972,9422e813,被骗了,中性,0
2195139706814440448,0.601,0,5,16777215,1788772244,a08417a9,你  被  骗  了,中性,0
2195130802223016960,2.137,0,1,16777215,1788771183,9e43818d,。。。,中性,0
2195130310407463424,20.632,0,1,16777215,1788771124,7011f223,花江夏树给原神配音了,中性,0
2195085375268659200,10.303,0,5,52480,1788765768,57b96865,←我,中性,0
2195059309908840704,3.571,0,1,16777215,1788762660,16f62db9,被骗了，我去,中性,0
2195048418895128832,6.489,0,1,16777215,1788761362,20e80293,破亿了,中性,0
2195006542410700544,31.647,0,1,16777215,1788756370,d97429f3,半条命3出了,中性,0
2195006386021875456,29.248,0,1,16777215,1788756351,d97429f3,gta6PC版本体泄露,中性,0
2194895686100359424,15.579,0,1,16777215,1788743155,873581ab,我是自愿的,中性,0
2194786957123632128,65.779,1,1,16777215,1788730193,c98b9c6,豪庭,中性,0
2194715349583811584,23.196,0,1,16777215,1788721657,ee065cfd,？,中性,0
2194652864982078720,158.113,2,1,16777215,1788714208,e9188ed0,一亿播放量了,中性,0
2194629971959133952,2.52,0,5,16777215,1788711479,9096bdea,你被骗了,中性,0
2194604076149826816,0.886,0,5,16777215,1788708392,36da5b96,你好，未来的我,中性,0
2194596823653213952,42.2,0,4,16707842,1788707528,fd78b7e1,pvz4,中性,0
2194584664491177472,0.472,0,5,16707842,1788706078,71a38a30,太好了，我要看的就是这个,中性,0
2194575242868504320,14.721,0,1,16777215,1788704955,91441da1,一亿助力！！,中性,0
2194562365071505152,9.704,0,1,16777215,1788703420,aecb7603,每日必看,中性,0
2194560861548133888,3.54,0,1,16777215,1788703241,68a2c01e,？,中性,0
2194558996055261184,9.829,0,1,16777215,1788703018,c3a869e6,没错你被骗了,中性,0
2194553769180805120,4.891,0,1,15138834,1788702395,d14fc38b,完美破亿,中性,0
2194552317012540672,3.82,0,1,16777215,1788702222,9171962,？？,中性,0
2194550627169121536,10.649,0,5,15138834,1788702021,28dd2295,欢迎回归,中性,0
2194542799415377408,17.088,0,1,16777215,1788701087,90d22a60,又被骗了,中性,0
2194532200509583616,24.001,0,1,16777215,1788699824,fe81a176,有几个人是被骗过来的举手,中性,0
2194531473653808384,19.686,0,5,16777215,1788699737,991b8ccc,年年考，年年错,中性,0
2194530632678740736,109.867,1,1,16707842,1788699637,c8050aeb,三角符文出第七章了,中性,0
2194528906538485248,5.881,0,1,16777215,1788699431,4265c399,？,中性,0
2194525963185278208,2.082,0,1,16777215,1788699080,c92b302d,靠！,中性,0
2194522792174161408,39.015,0,1,16777215,1788698702,d9a15b39,所以我说别点pcl2的千万别点。,中性,0
2194521882983101952,20.868,0,1,16777215,1788698594,8d348cfe,我是自愿进来的,中性,0
2194519412815113728,182.329,3,1,255255255,1788698300,1f57c593,火龙888不烫了,中性,0
2194519209810835200,178.127,2,1,255255255,1788698275,1f57c593,这个MV里的各位现在看着都应该要成老头了,中性,0
2194518969955441408,159.258,2,1,255255255,1788698247,1f57c593,真实赛车四上限了,中性,0
2194518882663396096,149.351,2,1,255255255,1788698236,1f57c593,狂野飙车十内测版,中性,0
2194517648145509632,52.897,0,1,255255255,1788698089,1f57c593,荣耀收购华为了,中性,0
2194511203437959424,5.168,0,1,16777215,1788697321,cfa09171,《被pcl2骗过来的》,中性,0
2194509533466993408,1.101,0,1,16777215,1788697122,7e6a8c99,来都来了，就好好享受音乐吧,中性,0
2194493183399237888,64.018,1,1,16777215,1788695173,d7c7fb71,汪苏泷~,中性,0
2194488477591070208,4.499,0,5,41194,1788694612,43f5ac6e,赛 马 娘 第 四 季,中性,0
2194474504753959936,0.793,0,1,41194,1788692946,fa7d2c38,我已经不知道回来几次了，不过嘛，欢迎回来，别的人,中性,0
2194468127625337344,51.56,0,1,16777215,1788692186,3712a64a,一亿播放量，火钳刘明,中性,0
2194467540431107072,44.807,0,5,15138834,1788692116,e5033cb7,《崩坏4预告》,中性,0
2194466199504082176,41.266,0,1,16777215,1788691956,68e63adb,[ohh],中性,0
2194459893762163200,1.29,0,1,16777215,1788691204,8f710282,年年考，年年错,中性,0
2194457920199308032,4.538,0,1,16777215,1788690969,df8fa040,你被骗啦,中性,0
2194452538303812096,0.221,0,5,15138834,1788690328,274b97e,又双叒叕被骗啦,中性,0
2194438435694691584,87.798,1,1,41194,1788688646,65eda7f9,被骗了,中性,0
2194420990376083968,4.718,0,5,16777215,1788686567,61710259,你又被骗了！doge,中性,0
2194405467399910912,10.181,0,1,16777215,1788684716,708c07a4,主动被骗,中性,0
2194397288733565696,16.201,0,1,16777215,1788683741,11dd1ad6,破亿合影,中性,0
2194395646462169856,44.149,0,1,8700107,1788683546,352acbbe,这是我的东方bad apple原视频…,中性,0
2194393755435203328,19.643,0,1,16777215,1788683320,15541282,总结：你被骗了,中性,0
2194373569743141376,0.0,0,1,16777215,1788680914,1a881b4e,恭喜破亿,中性,0
2194369019459746304,46.578,0,1,16777215,1788680371,6a0fb248,茉夏nb,中性,0
2194361064425496064,17.506,0,1,16777215,1788679423,5926651b,pcl,中性,0
2194350244085990400,21.309,0,5,16777215,1788678133,65482e13,假 面 骑 士 空 我 剧 场 版,负向,-1
2194341974806034944,0.983,0,1,16777215,1788677147,bd32fdbc,谁跟我一样被骗进来了？,中性,0
2194341477697202176,37.116,0,1,16777215,1788677088,3eb053dc,一时分不清，这是我被骗了，还是我被骗了的官方pv,中性,0
2194335008738242048,1.337,0,5,16777215,1788676317,24a87645,年年考年年错,中性,0
2194330273050164992,0.386,0,1,16777215,1788675752,a9b78466,自  愿  上  钩,中性,0
2194316211175990272,6.238,0,1,16777215,1788674076,b7266a4c,你  被  骗  啦,中性,0
2194312698370954496,6.648,0,1,16777215,1788673657,d8066e8b,一亿人被骗过,中性,0
2194311840425761792,2.779,0,1,16777215,1788673555,bd1eafd7,被骗使我们相遇,中性,0
2194289328472160000,14.351,0,1,16777215,1788670871,77d9dd0e,被骗了一亿次,中性,0
2194287148349065216,1.121,0,5,16777215,1788670612,6b12ea8e,被骗1亿次,中性,0
2194274458364582144,22.482,0,1,16777215,1788669099,8f4489b0,破亿了，兄弟们,中性,0
2194272713249090048,126.329,2,1,16777215,1788668891,33f909cf,张斌熙是gay,中性,0
2194272512744655360,102.894,1,1,16777215,1788668867,33f909cf,妇产科,中性,0
2194261399097032704,21.091,0,5,16777215,1788667542,76f98a3b,1亿,中性,0
2194260737840182272,108.107,1,1,16777215,1788667463,920b94d4,蕾米埃尔免费送,中性,0
2194260444834326784,98.688,1,1,16777215,1788667428,920b94d4,终末地1周年了,中性,0
2194254765629275136,26.904,0,1,16777215,1788666751,80d457cd,又被骗了,中性,0
2194252227110127872,125.591,2,1,16777215,1788666449,658d327f,gta7预告,中性,0
2194236994052274176,1.838,0,1,16777215,1788664633,e4235ea8,破两亿来踢我,中性,0
2194227575348509184,0.041,0,5,41194,1788663510,976ca956,你被骗了,中性,0
2194227344251228416,105.985,1,1,16777215,1788663482,e8651bab,666我被骗进来,中性,0
2194224187726738176,14.855,0,1,16777215,1788663106,1ddf7845,不是哥们播放量一个亿！！！！！,中性,0
2194222296347523072,46.628,0,1,4351678,1788662881,83a04567,PCL2来的,中性,0
2194219992944764416,11.091,0,1,16777215,1788662606,8e04ce13,播放量没停过系列,中性,0
2194219827773373184,4.163,0,1,16777215,1788662586,8e04ce13,每日上一当，当当不一样,中性,0
2194214650139280640,6.678,0,1,16777215,1788661969,3665f117,年年考年年错,中性,0
2194161135543325184,1.449,0,1,16777215,1788655590,572738ba,我又被骗了,中性,0
2194120855192232448,4.891,0,5,15138834,1788650788,d1a9555d,我的世界27.1末地更新预告片,中性,0
2194099644059887360,0.258,0,5,15138834,1788648259,9e7bc5ad,你被骗了,中性,0
2194091819158602496,8.223,0,1,16777215,1788647326,1acb2779,有多少人是PCL进来的,中性,0
2194069753008965120,1.56,0,1,16777215,1788644696,452d9c3,一亿合影,中性,0
2193926549311887616,5.939,0,1,16777215,1788627625,352f0629,传世经典,中性,0
2193924068867116800,0.426,0,1,16777215,1788627329,55966097,回回考，回回错,中性,0
2193912662927735552,32.15,0,1,16777215,1788625969,cbc88891,一亿播放量啊,中性,0
2193906804282019840,0.881,0,1,16777215,1788625271,d92444e2,上亿播放,中性,0
2193904049521633536,7.853,0,1,16777215,1788624943,b4824195,？,中性,0
2193903017261521920,4.692,0,1,16777215,1788624820,1a13f4be,啊？,中性,0
2193892771230874112,23.273,0,4,16707842,1788623598,e833c690,合影,中性,0
2193871688503609088,168.406,2,1,16777215,1788621085,cd086a64,自然选择，前进四,中性,0
2193870734249249280,65.797,1,1,16777215,1788620971,cd086a64,bilibili乾杯 []~（￣▽￣）~*,中性,0
2193870252743165952,8.393,0,1,16777215,1788620914,cd086a64,网易我的世界代理权被微软收回了,中性,0
2193869769785630720,121.925,2,1,16777215,1788620856,cd086a64,网易我的世界代理权被微软收回了,中性,0
2193869652252792064,107.917,1,1,16777215,1788620842,cd086a64,网易我的世界代理权被微软收回了,中性,0
2193868779871174400,3.922,0,1,16777215,1788620738,cd086a64,2030年了,中性,0
2193867666174595072,0.981,0,1,16777215,1788620605,8f710282,《PCL2》百宝箱,中性,0
2193866994976829952,6.875,0,1,16777215,1788620525,cd086a64,现啥妈妈靠什么鬼哇哦唔哦唔哦哇哦嘿妈妈唔哦妈妈咪呀妈妈咪呀妈妈咪呀妈妈什么妈妈咪呀嘿妈妈靠哇哦什么妈妈妈妈咪呀嘿妈妈咪呀嘿嘿什么靠什么哇哦什么哇哦什么妈妈妈妈哇哦靠嘿妈妈咪呀妈,中性,0
2193866021378247424,4.384,0,1,16777215,1788620409,cd086a64,绝对的强者，花男，完全用全力，暗世界的命运，背负在它身上，现代最强暗之民，史上最强光之民，谁是挑战者，由这一击决定，最强VS最强，在此激战！绝对的强者，花男，完全用全力，暗世界的命运，背负在它身上，现,中性,0
2193865520913403904,23.449,0,1,16777215,1788620350,72543c68,破亿见证者,中性,0
2193864152043899392,52.096,0,1,16765698,1788620186,cd086a64,Minecraft更新2.1了,中性,0
2193863562710838016,195.718,3,1,16765698,1788620116,cd086a64,Minecraft更新2.1了,中性,0
2193863053094158848,134.975,2,1,16765698,1788620055,cd086a64,undertale出2了,中性,0
2193862728455283712,96.219,1,1,16765698,1788620017,cd086a64,deltarune更新第7章,中性,0
2193862129944842240,24.935,0,1,16777215,1788619945,cd086a64,deltarune更新第7章,中性,0
2193860125612669184,0.866,0,1,16777215,1788619706,cd086a64,deltarune更新第五章,中性,0
2193858588484333312,2.574,0,4,16777215,1788619523,f2039f4c,不是怎么老被诈啊,中性,0
2193857400598620672,1.832,0,5,16707842,1788619382,413ecfb,又被骗了！,中性,0
2193846353187187712,12.73,0,1,16777215,1788618065,a52604bf,一亿了！！,中性,0
2193843827117960448,7.349,0,1,16777215,1788617764,6438b18b,被骗了!,中性,0
2193843121241417472,7.322,0,1,16777215,1788617679,80e47dd1,龙腾猫越你赢了,中性,0
2193840597058557184,3.64,0,1,16777215,1788617378,837d7aad,你又被骗了,中性,0
2193835420406563328,12.974,0,1,16777215,1788616761,9d5b5f7e,被bed apple链接骗进来了,中性,0
2193818030252506368,6.634,0,1,16777215,1788614688,b5161cb8,你又被骗了,中性,0
2193817769903412224,0.463,0,1,16646914,1788614657,ebff8282,1.1亿！！！,中性,0
2193809617157631488,6.871,0,1,16777215,1788613685,c0786ef0,又被骗了,中性,0
